date_id,date,year,quarter,month,week,is_weekend,is_holiday
1,2022-01-01,2022,1,1,52,1,0
2,2022-01-02,2022,1,1,52,1,0
3,2022-01-03,2022,1,1,1,0,0
4,2022-01-04,2022,1,1,1,0,0
5,2022-01-05,2022,1,1,1,0,0
6,2022-01-06,2022,1,1,1,0,0
7,2022-01-07,2022,1,1,1,0,0
8,2022-01-08,2022,1,1,1,1,0
9,2022-01-09,2022,1,1,1,1,0
10,2022-01-10,2022,1,1,2,0,0
11,2022-01-11,2022,1,1,2,0,0
12,2022-01-12,2022,1,1,2,0,0
13,2022-01-13,2022,1,1,2,0,0
14,2022-01-14,2022,1,1,2,0,0
15,2022-01-15,2022,1,1,2,1,0
16,2022-01-16,2022,1,1,2,1,0
17,2022-01-17,2022,1,1,3,0,1
18,2022-01-18,2022,1,1,3,0,0
19,2022-01-19,2022,1,1,3,0,0
20,2022-01-20,2022,1,1,3,0,0
21,2022-01-21,2022,1,1,3,0,0
22,2022-01-22,2022,1,1,3,1,0
23,2022-01-23,2022,1,1,3,1,0
24,2022-01-24,2022,1,1,4,0,0
25,2022-01-25,2022,1,1,4,0,0
26,2022-01-26,2022,1,1,4,0,0
27,2022-01-27,2022,1,1,4,0,0
28,2022-01-28,2022,1,1,4,0,0
29,2022-01-29,2022,1,1,4,1,0
30,2022-01-30,2022,1,1,4,1,0
31,2022-01-31,2022,1,1,5,0,0
32,2022-02-01,2022,1,2,5,0,0
33,2022-02-02,2022,1,2,5,0,0
34,2022-02-03,2022,1,2,5,0,0
35,2022-02-04,2022,1,2,5,0,0
36,2022-02-05,2022,1,2,5,1,0
37,2022-02-06,2022,1,2,5,1,0
38,2022-02-07,2022,1,2,6,0,0
39,2022-02-08,2022,1,2,6,0,0
40,2022-02-09,2022,1,2,6,0,0
41,2022-02-10,2022,1,2,6,0,0
42,2022-02-11,2022,1,2,6,0,0
43,2022-02-12,2022,1,2,6,1,0
44,2022-02-13,2022,1,2,6,1,0
45,2022-02-14,2022,1,2,7,0,0
46,2022-02-15,2022,1,2,7,0,0
47,2022-02-16,2022,1,2,7,0,0
48,2022-02-17,2022,1,2,7,0,0
49,2022-02-18,2022,1,2,7,0,0
50,2022-02-19,2022,1,2,7,1,0
51,2022-02-20,2022,1,2,7,1,0
52,2022-02-21,2022,1,2,8,0,1
53,2022-02-22,2022,1,2,8,0,0
54,2022-02-23,2022,1,2,8,0,0
55,2022-02-24,2022,1,2,8,0,0
56,2022-02-25,2022,1,2,8,0,0
57,2022-02-26,2022,1,2,8,1,0
58,2022-02-27,2022,1,2,8,1,0
59,2022-02-28,2022,1,2,9,0,0
60,2022-03-01,2022,1,3,9,0,0
61,2022-03-02,2022,1,3,9,0,0
62,2022-03-03,2022,1,3,9,0,0
63,2022-03-04,2022,1,3,9,0,0
64,2022-03-05,2022,1,3,9,1,0
65,2022-03-06,2022,1,3,9,1,0
66,2022-03-07,2022,1,3,10,0,0
67,2022-03-08,2022,1,3,10,0,0
68,2022-03-09,2022,1,3,10,0,0
69,2022-03-10,2022,1,3,10,0,0
70,2022-03-11,2022,1,3,10,0,0
71,2022-03-12,2022,1,3,10,1,0
72,2022-03-13,2022,1,3,10,1,0
73,2022-03-14,2022,1,3,11,0,0
74,2022-03-15,2022,1,3,11,0,0
75,2022-03-16,2022,1,3,11,0,0
76,2022-03-17,2022,1,3,11,0,0
77,2022-03-18,2022,1,3,11,0,0
78,2022-03-19,2022,1,3,11,1,0
79,2022-03-20,2022,1,3,11,1,0
80,2022-03-21,2022,1,3,12,0,0
81,2022-03-22,2022,1,3,12,0,0
82,2022-03-23,2022,1,3,12,0,0
83,2022-03-24,2022,1,3,12,0,0
84,2022-03-25,2022,1,3,12,0,0
85,2022-03-26,2022,1,3,12,1,0
86,2022-03-27,2022,1,3,12,1,0
87,2022-03-28,2022,1,3,13,0,0
88,2022-03-29,2022,1,3,13,0,0
89,2022-03-30,2022,1,3,13,0,0
90,2022-03-31,2022,1,3,13,0,0
91,2022-04-01,2022,2,4,13,0,0
92,2022-04-02,2022,2,4,13,1,0
93,2022-04-03,2022,2,4,13,1,0
94,2022-04-04,2022,2,4,14,0,0
95,2022-04-05,2022,2,4,14,0,0
96,2022-04-06,2022,2,4,14,0,0
97,2022-04-07,2022,2,4,14,0,0
98,2022-04-08,2022,2,4,14,0,0
99,2022-04-09,2022,2,4,14,1,0
100,2022-04-10,2022,2,4,14,1,0
101,2022-04-11,2022,2,4,15,0,0
102,2022-04-12,2022,2,4,15,0,0
103,2022-04-13,2022,2,4,15,0,0
104,2022-04-14,2022,2,4,15,0,0
105,2022-04-15,2022,2,4,15,0,0
106,2022-04-16,2022,2,4,15,1,0
107,2022-04-17,2022,2,4,15,1,0
108,2022-04-18,2022,2,4,16,0,0
109,2022-04-19,2022,2,4,16,0,0
110,2022-04-20,2022,2,4,16,0,0
111,2022-04-21,2022,2,4,16,0,0
112,2022-04-22,2022,2,4,16,0,0
113,2022-04-23,2022,2,4,16,1,0
114,2022-04-24,2022,2,4,16,1,0
115,2022-04-25,2022,2,4,17,0,0
116,2022-04-26,2022,2,4,17,0,0
117,2022-04-27,2022,2,4,17,0,0
118,2022-04-28,2022,2,4,17,0,0
119,2022-04-29,2022,2,4,17,0,0
120,2022-04-30,2022,2,4,17,1,0
121,2022-05-01,2022,2,5,17,1,0
122,2022-05-02,2022,2,5,18,0,0
123,2022-05-03,2022,2,5,18,0,0
124,2022-05-04,2022,2,5,18,0,0
125,2022-05-05,2022,2,5,18,0,0
126,2022-05-06,2022,2,5,18,0,0
127,2022-05-07,2022,2,5,18,1,0
128,2022-05-08,2022,2,5,18,1,0
129,2022-05-09,2022,2,5,19,0,0
130,2022-05-10,2022,2,5,19,0,0
131,2022-05-11,2022,2,5,19,0,0
132,2022-05-12,2022,2,5,19,0,0
133,2022-05-13,2022,2,5,19,0,0
134,2022-05-14,2022,2,5,19,1,0
135,2022-05-15,2022,2,5,19,1,0
136,2022-05-16,2022,2,5,20,0,0
137,2022-05-17,2022,2,5,20,0,0
138,2022-05-18,2022,2,5,20,0,0
139,2022-05-19,2022,2,5,20,0,0
140,2022-05-20,2022,2,5,20,0,0
141,2022-05-21,2022,2,5,20,1,0
142,2022-05-22,2022,2,5,20,1,0
143,2022-05-23,2022,2,5,21,0,0
144,2022-05-24,2022,2,5,21,0,0
145,2022-05-25,2022,2,5,21,0,0
146,2022-05-26,2022,2,5,21,0,0
147,2022-05-27,2022,2,5,21,0,0
148,2022-05-28,2022,2,5,21,1,0
149,2022-05-29,2022,2,5,21,1,0
150,2022-05-30,2022,2,5,22,0,1
151,2022-05-31,2022,2,5,22,0,0
152,2022-06-01,2022,2,6,22,0,0
153,2022-06-02,2022,2,6,22,0,0
154,2022-06-03,2022,2,6,22,0,0
155,2022-06-04,2022,2,6,22,1,0
156,2022-06-05,2022,2,6,22,1,0
157,2022-06-06,2022,2,6,23,0,0
158,2022-06-07,2022,2,6,23,0,0
159,2022-06-08,2022,2,6,23,0,0
160,2022-06-09,2022,2,6,23,0,0
161,2022-06-10,2022,2,6,23,0,0
162,2022-06-11,2022,2,6,23,1,0
163,2022-06-12,2022,2,6,23,1,0
164,2022-06-13,2022,2,6,24,0,0
165,2022-06-14,2022,2,6,24,0,0
166,2022-06-15,2022,2,6,24,0,0
167,2022-06-16,2022,2,6,24,0,0
168,2022-06-17,2022,2,6,24,0,0
169,2022-06-18,2022,2,6,24,1,0
170,2022-06-19,2022,2,6,24,1,0
171,2022-06-20,2022,2,6,25,0,0
172,2022-06-21,2022,2,6,25,0,0
173,2022-06-22,2022,2,6,25,0,0
174,2022-06-23,2022,2,6,25,0,0
175,2022-06-24,2022,2,6,25,0,0
176,2022-06-25,2022,2,6,25,1,0
177,2022-06-26,2022,2,6,25,1,0
178,2022-06-27,2022,2,6,26,0,0
179,2022-06-28,2022,2,6,26,0,0
180,2022-06-29,2022,2,6,26,0,0
181,2022-06-30,2022,2,6,26,0,0
182,2022-07-01,2022,3,7,26,0,0
183,2022-07-02,2022,3,7,26,1,0
184,2022-07-03,2022,3,7,26,1,0
185,2022-07-04,2022,3,7,27,0,1
186,2022-07-05,2022,3,7,27,0,0
187,2022-07-06,2022,3,7,27,0,0
188,2022-07-07,2022,3,7,27,0,0
189,2022-07-08,2022,3,7,27,0,0
190,2022-07-09,2022,3,7,27,1,0
191,2022-07-10,2022,3,7,27,1,0
192,2022-07-11,2022,3,7,28,0,0
193,2022-07-12,2022,3,7,28,0,0
194,2022-07-13,2022,3,7,28,0,0
195,2022-07-14,2022,3,7,28,0,0
196,2022-07-15,2022,3,7,28,0,0
197,2022-07-16,2022,3,7,28,1,0
198,2022-07-17,2022,3,7,28,1,0
199,2022-07-18,2022,3,7,29,0,0
200,2022-07-19,2022,3,7,29,0,0
201,2022-07-20,2022,3,7,29,0,0
202,2022-07-21,2022,3,7,29,0,0
203,2022-07-22,2022,3,7,29,0,0
204,2022-07-23,2022,3,7,29,1,0
205,2022-07-24,2022,3,7,29,1,0
206,2022-07-25,2022,3,7,30,0,0
207,2022-07-26,2022,3,7,30,0,0
208,2022-07-27,2022,3,7,30,0,0
209,2022-07-28,2022,3,7,30,0,0
210,2022-07-29,2022,3,7,30,0,0
211,2022-07-30,2022,3,7,30,1,0
212,2022-07-31,2022,3,7,30,1,0
213,2022-08-01,2022,3,8,31,0,0
214,2022-08-02,2022,3,8,31,0,0
215,2022-08-03,2022,3,8,31,0,0
216,2022-08-04,2022,3,8,31,0,0
217,2022-08-05,2022,3,8,31,0,0
218,2022-08-06,2022,3,8,31,1,0
219,2022-08-07,2022,3,8,31,1,0
220,2022-08-08,2022,3,8,32,0,0
221,2022-08-09,2022,3,8,32,0,0
222,2022-08-10,2022,3,8,32,0,0
223,2022-08-11,2022,3,8,32,0,0
224,2022-08-12,2022,3,8,32,0,0
225,2022-08-13,2022,3,8,32,1,0
226,2022-08-14,2022,3,8,32,1,0
227,2022-08-15,2022,3,8,33,0,0
228,2022-08-16,2022,3,8,33,0,0
229,2022-08-17,2022,3,8,33,0,0
230,2022-08-18,2022,3,8,33,0,0
231,2022-08-19,2022,3,8,33,0,0
232,2022-08-20,2022,3,8,33,1,0
233,2022-08-21,2022,3,8,33,1,0
234,2022-08-22,2022,3,8,34,0,0
235,2022-08-23,2022,3,8,34,0,0
236,2022-08-24,2022,3,8,34,0,0
237,2022-08-25,2022,3,8,34,0,0
238,2022-08-26,2022,3,8,34,0,0
239,2022-08-27,2022,3,8,34,1,0
240,2022-08-28,2022,3,8,34,1,0
241,2022-08-29,2022,3,8,35,0,0
242,2022-08-30,2022,3,8,35,0,0
243,2022-08-31,2022,3,8,35,0,0
244,2022-09-01,2022,3,9,35,0,0
245,2022-09-02,2022,3,9,35,0,0
246,2022-09-03,2022,3,9,35,1,0
247,2022-09-04,2022,3,9,35,1,0
248,2022-09-05,2022,3,9,36,0,1
249,2022-09-06,2022,3,9,36,0,0
250,2022-09-07,2022,3,9,36,0,0
251,2022-09-08,2022,3,9,36,0,0
252,2022-09-09,2022,3,9,36,0,0
253,2022-09-10,2022,3,9,36,1,0
254,2022-09-11,2022,3,9,36,1,0
255,2022-09-12,2022,3,9,37,0,0
256,2022-09-13,2022,3,9,37,0,0
257,2022-09-14,2022,3,9,37,0,0
258,2022-09-15,2022,3,9,37,0,0
259,2022-09-16,2022,3,9,37,0,0
260,2022-09-17,2022,3,9,37,1,0
261,2022-09-18,2022,3,9,37,1,0
262,2022-09-19,2022,3,9,38,0,0
263,2022-09-20,2022,3,9,38,0,0
264,2022-09-21,2022,3,9,38,0,0
265,2022-09-22,2022,3,9,38,0,0
266,2022-09-23,2022,3,9,38,0,0
267,2022-09-24,2022,3,9,38,1,0
268,2022-09-25,2022,3,9,38,1,0
269,2022-09-26,2022,3,9,39,0,0
270,2022-09-27,2022,3,9,39,0,0
271,2022-09-28,2022,3,9,39,0,0
272,2022-09-29,2022,3,9,39,0,0
273,2022-09-30,2022,3,9,39,0,0
274,2022-10-01,2022,4,10,39,1,0
275,2022-10-02,2022,4,10,39,1,0
276,2022-10-03,2022,4,10,40,0,0
277,2022-10-04,2022,4,10,40,0,0
278,2022-10-05,2022,4,10,40,0,0
279,2022-10-06,2022,4,10,40,0,0
280,2022-10-07,2022,4,10,40,0,0
281,2022-10-08,2022,4,10,40,1,0
282,2022-10-09,2022,4,10,40,1,0
283,2022-10-10,2022,4,10,41,0,0
284,2022-10-11,2022,4,10,41,0,0
285,2022-10-12,2022,4,10,41,0,0
286,2022-10-13,2022,4,10,41,0,0
287,2022-10-14,2022,4,10,41,0,0
288,2022-10-15,2022,4,10,41,1,0
289,2022-10-16,2022,4,10,41,1,0
290,2022-10-17,2022,4,10,42,0,0
291,2022-10-18,2022,4,10,42,0,0
292,2022-10-19,2022,4,10,42,0,0
293,2022-10-20,2022,4,10,42,0,0
294,2022-10-21,2022,4,10,42,0,0
295,2022-10-22,2022,4,10,42,1,0
296,2022-10-23,2022,4,10,42,1,0
297,2022-10-24,2022,4,10,43,0,0
298,2022-10-25,2022,4,10,43,0,0
299,2022-10-26,2022,4,10,43,0,0
300,2022-10-27,2022,4,10,43,0,0
301,2022-10-28,2022,4,10,43,0,0
302,2022-10-29,2022,4,10,43,1,0
303,2022-10-30,2022,4,10,43,1,0
304,2022-10-31,2022,4,10,44,0,0
305,2022-11-01,2022,4,11,44,0,0
306,2022-11-02,2022,4,11,44,0,0
307,2022-11-03,2022,4,11,44,0,0
308,2022-11-04,2022,4,11,44,0,0
309,2022-11-05,2022,4,11,44,1,0
310,2022-11-06,2022,4,11,44,1,0
311,2022-11-07,2022,4,11,45,0,0
312,2022-11-08,2022,4,11,45,0,0
313,2022-11-09,2022,4,11,45,0,0
314,2022-11-10,2022,4,11,45,0,0
315,2022-11-11,2022,4,11,45,0,1
316,2022-11-12,2022,4,11,45,1,0
317,2022-11-13,2022,4,11,45,1,0
318,2022-11-14,2022,4,11,46,0,0
319,2022-11-15,2022,4,11,46,0,0
320,2022-11-16,2022,4,11,46,0,0
321,2022-11-17,2022,4,11,46,0,0
322,2022-11-18,2022,4,11,46,0,0
323,2022-11-19,2022,4,11,46,1,0
324,2022-11-20,2022,4,11,46,1,0
325,2022-11-21,2022,4,11,47,0,0
326,2022-11-22,2022,4,11,47,0,0
327,2022-11-23,2022,4,11,47,0,0
328,2022-11-24,2022,4,11,47,0,1
329,2022-11-25,2022,4,11,47,0,0
330,2022-11-26,2022,4,11,47,1,0
331,2022-11-27,2022,4,11,47,1,0
332,2022-11-28,2022,4,11,48,0,0
333,2022-11-29,2022,4,11,48,0,0
334,2022-11-30,2022,4,11,48,0,0
335,2022-12-01,2022,4,12,48,0,0
336,2022-12-02,2022,4,12,48,0,0
337,2022-12-03,2022,4,12,48,1,0
338,2022-12-04,2022,4,12,48,1,0
339,2022-12-05,2022,4,12,49,0,0
340,2022-12-06,2022,4,12,49,0,0
341,2022-12-07,2022,4,12,49,0,0
342,2022-12-08,2022,4,12,49,0,0
343,2022-12-09,2022,4,12,49,0,0
344,2022-12-10,2022,4,12,49,1,0
345,2022-12-11,2022,4,12,49,1,0
346,2022-12-12,2022,4,12,50,0,0
347,2022-12-13,2022,4,12,50,0,0
348,2022-12-14,2022,4,12,50,0,0
349,2022-12-15,2022,4,12,50,0,0
350,2022-12-16,2022,4,12,50,0,0
351,2022-12-17,2022,4,12,50,1,0
352,2022-12-18,2022,4,12,50,1,0
353,2022-12-19,2022,4,12,51,0,0
354,2022-12-20,2022,4,12,51,0,0
355,2022-12-21,2022,4,12,51,0,0
356,2022-12-22,2022,4,12,51,0,0
357,2022-12-23,2022,4,12,51,0,0
358,2022-12-24,2022,4,12,51,1,0
359,2022-12-25,2022,4,12,51,1,0
360,2022-12-26,2022,4,12,52,0,1
361,2022-12-27,2022,4,12,52,0,0
362,2022-12-28,2022,4,12,52,0,0
363,2022-12-29,2022,4,12,52,0,0
364,2022-12-30,2022,4,12,52,0,0
365,2022-12-31,2022,4,12,52,1,0
366,2023-01-01,2023,1,1,52,1,0
367,2023-01-02,2023,1,1,1,0,1
368,2023-01-03,2023,1,1,1,0,0
369,2023-01-04,2023,1,1,1,0,0
370,2023-01-05,2023,1,1,1,0,0
371,2023-01-06,2023,1,1,1,0,0
372,2023-01-07,2023,1,1,1,1,0
373,2023-01-08,2023,1,1,1,1,0
374,2023-01-09,2023,1,1,2,0,0
375,2023-01-10,2023,1,1,2,0,0
376,2023-01-11,2023,1,1,2,0,0
377,2023-01-12,2023,1,1,2,0,0
378,2023-01-13,2023,1,1,2,0,0
379,2023-01-14,2023,1,1,2,1,0
380,2023-01-15,2023,1,1,2,1,0
381,2023-01-16,2023,1,1,3,0,1
382,2023-01-17,2023,1,1,3,0,0
383,2023-01-18,2023,1,1,3,0,0
384,2023-01-19,2023,1,1,3,0,0
385,2023-01-20,2023,1,1,3,0,0
386,2023-01-21,2023,1,1,3,1,0
387,2023-01-22,2023,1,1,3,1,0
388,2023-01-23,2023,1,1,4,0,0
389,2023-01-24,2023,1,1,4,0,0
390,2023-01-25,2023,1,1,4,0,0
391,2023-01-26,2023,1,1,4,0,0
392,2023-01-27,2023,1,1,4,0,0
393,2023-01-28,2023,1,1,4,1,0
394,2023-01-29,2023,1,1,4,1,0
395,2023-01-30,2023,1,1,5,0,0
396,2023-01-31,2023,1,1,5,0,0
397,2023-02-01,2023,1,2,5,0,0
398,2023-02-02,2023,1,2,5,0,0
399,2023-02-03,2023,1,2,5,0,0
400,2023-02-04,2023,1,2,5,1,0
401,2023-02-05,2023,1,2,5,1,0
402,2023-02-06,2023,1,2,6,0,0
403,2023-02-07,2023,1,2,6,0,0
404,2023-02-08,2023,1,2,6,0,0
405,2023-02-09,2023,1,2,6,0,0
406,2023-02-10,2023,1,2,6,0,0
407,2023-02-11,2023,1,2,6,1,0
408,2023-02-12,2023,1,2,6,1,0
409,2023-02-13,2023,1,2,7,0,0
410,2023-02-14,2023,1,2,7,0,0
411,2023-02-15,2023,1,2,7,0,0
412,2023-02-16,2023,1,2,7,0,0
413,2023-02-17,2023,1,2,7,0,0
414,2023-02-18,2023,1,2,7,1,0
415,2023-02-19,2023,1,2,7,1,0
416,2023-02-20,2023,1,2,8,0,1
417,2023-02-21,2023,1,2,8,0,0
418,2023-02-22,2023,1,2,8,0,0
419,2023-02-23,2023,1,2,8,0,0
420,2023-02-24,2023,1,2,8,0,0
421,2023-02-25,2023,1,2,8,1,0
422,2023-02-26,2023,1,2,8,1,0
423,2023-02-27,2023,1,2,9,0,0
424,2023-02-28,2023,1,2,9,0,0
425,2023-03-01,2023,1,3,9,0,0
426,2023-03-02,2023,1,3,9,0,0
427,2023-03-03,2023,1,3,9,0,0
428,2023-03-04,2023,1,3,9,1,0
429,2023-03-05,2023,1,3,9,1,0
430,2023-03-06,2023,1,3,10,0,0
431,2023-03-07,2023,1,3,10,0,0
432,2023-03-08,2023,1,3,10,0,0
433,2023-03-09,2023,1,3,10,0,0
434,2023-03-10,2023,1,3,10,0,0
435,2023-03-11,2023,1,3,10,1,0
436,2023-03-12,2023,1,3,10,1,0
437,2023-03-13,2023,1,3,11,0,0
438,2023-03-14,2023,1,3,11,0,0
439,2023-03-15,2023,1,3,11,0,0
440,2023-03-16,2023,1,3,11,0,0
441,2023-03-17,2023,1,3,11,0,0
442,2023-03-18,2023,1,3,11,1,0
443,2023-03-19,2023,1,3,11,1,0
444,2023-03-20,2023,1,3,12,0,0
445,2023-03-21,2023,1,3,12,0,0
446,2023-03-22,2023,1,3,12,0,0
447,2023-03-23,2023,1,3,12,0,0
448,2023-03-24,2023,1,3,12,0,0
449,2023-03-25,2023,1,3,12,1,0
450,2023-03-26,2023,1,3,12,1,0
451,2023-03-27,2023,1,3,13,0,0
452,2023-03-28,2023,1,3,13,0,0
453,2023-03-29,2023,1,3,13,0,0
454,2023-03-30,2023,1,3,13,0,0
455,2023-03-31,2023,1,3,13,0,0
456,2023-04-01,2023,2,4,13,1,0
457,2023-04-02,2023,2,4,13,1,0
458,2023-04-03,2023,2,4,14,0,0
459,2023-04-04,2023,2,4,14,0,0
460,2023-04-05,2023,2,4,14,0,0
461,2023-04-06,2023,2,4,14,0,0
462,2023-04-07,2023,2,4,14,0,0
463,2023-04-08,2023,2,4,14,1,0
464,2023-04-09,2023,2,4,14,1,0
465,2023-04-10,2023,2,4,15,0,0
466,2023-04-11,2023,2,4,15,0,0
467,2023-04-12,2023,2,4,15,0,0
468,2023-04-13,2023,2,4,15,0,0
469,2023-04-14,2023,2,4,15,0,0
470,2023-04-15,2023,2,4,15,1,0
471,2023-04-16,2023,2,4,15,1,0
472,2023-04-17,2023,2,4,16,0,0
473,2023-04-18,2023,2,4,16,0,0
474,2023-04-19,2023,2,4,16,0,0
475,2023-04-20,2023,2,4,16,0,0
476,2023-04-21,2023,2,4,16,0,0
477,2023-04-22,2023,2,4,16,1,0
478,2023-04-23,2023,2,4,16,1,0
479,2023-04-24,2023,2,4,17,0,0
480,2023-04-25,2023,2,4,17,0,0
481,2023-04-26,2023,2,4,17,0,0
482,2023-04-27,2023,2,4,17,0,0
483,2023-04-28,2023,2,4,17,0,0
484,2023-04-29,2023,2,4,17,1,0
485,2023-04-30,2023,2,4,17,1,0
486,2023-05-01,2023,2,5,18,0,0
487,2023-05-02,2023,2,5,18,0,0
488,2023-05-03,2023,2,5,18,0,0
489,2023-05-04,2023,2,5,18,0,0
490,2023-05-05,2023,2,5,18,0,0
491,2023-05-06,2023,2,5,18,1,0
492,2023-05-07,2023,2,5,18,1,0
493,2023-05-08,2023,2,5,19,0,0
494,2023-05-09,2023,2,5,19,0,0
495,2023-05-10,2023,2,5,19,0,0
496,2023-05-11,2023,2,5,19,0,0
497,2023-05-12,2023,2,5,19,0,0
498,2023-05-13,2023,2,5,19,1,0
499,2023-05-14,2023,2,5,19,1,0
500,2023-05-15,2023,2,5,20,0,0
501,2023-05-16,2023,2,5,20,0,0
502,2023-05-17,2023,2,5,20,0,0
503,2023-05-18,2023,2,5,20,0,0
504,2023-05-19,2023,2,5,20,0,0
505,2023-05-20,2023,2,5,20,1,0
506,2023-05-21,2023,2,5,20,1,0
507,2023-05-22,2023,2,5,21,0,0
508,2023-05-23,2023,2,5,21,0,0
509,2023-05-24,2023,2,5,21,0,0
510,2023-05-25,2023,2,5,21,0,0
511,2023-05-26,2023,2,5,21,0,0
512,2023-05-27,2023,2,5,21,1,0
513,2023-05-28,2023,2,5,21,1,0
514,2023-05-29,2023,2,5,22,0,1
515,2023-05-30,2023,2,5,22,0,0
516,2023-05-31,2023,2,5,22,0,0
517,2023-06-01,2023,2,6,22,0,0
518,2023-06-02,2023,2,6,22,0,0
519,2023-06-03,2023,2,6,22,1,0
520,2023-06-04,2023,2,6,22,1,0
521,2023-06-05,2023,2,6,23,0,0
522,2023-06-06,2023,2,6,23,0,0
523,2023-06-07,2023,2,6,23,0,0
524,2023-06-08,2023,2,6,23,0,0
525,2023-06-09,2023,2,6,23,0,0
526,2023-06-10,2023,2,6,23,1,0
527,2023-06-11,2023,2,6,23,1,0
528,2023-06-12,2023,2,6,24,0,0
529,2023-06-13,2023,2,6,24,0,0
530,2023-06-14,2023,2,6,24,0,0
531,2023-06-15,2023,2,6,24,0,0
532,2023-06-16,2023,2,6,24,0,0
533,2023-06-17,2023,2,6,24,1,0
534,2023-06-18,2023,2,6,24,1,0
535,2023-06-19,2023,2,6,25,0,0
536,2023-06-20,2023,2,6,25,0,0
537,2023-06-21,2023,2,6,25,0,0
538,2023-06-22,2023,2,6,25,0,0
539,2023-06-23,2023,2,6,25,0,0
540,2023-06-24,2023,2,6,25,1,0
541,2023-06-25,2023,2,6,25,1,0
542,2023-06-26,2023,2,6,26,0,0
543,2023-06-27,2023,2,6,26,0,0
544,2023-06-28,2023,2,6,26,0,0
545,2023-06-29,2023,2,6,26,0,0
546,2023-06-30,2023,2,6,26,0,0
547,2023-07-01,2023,3,7,26,1,0
548,2023-07-02,2023,3,7,26,1,0
549,2023-07-03,2023,3,7,27,0,0
550,2023-07-04,2023,3,7,27,0,1
551,2023-07-05,2023,3,7,27,0,0
552,2023-07-06,2023,3,7,27,0,0
553,2023-07-07,2023,3,7,27,0,0
554,2023-07-08,2023,3,7,27,1,0
555,2023-07-09,2023,3,7,27,1,0
556,2023-07-10,2023,3,7,28,0,0
557,2023-07-11,2023,3,7,28,0,0
558,2023-07-12,2023,3,7,28,0,0
559,2023-07-13,2023,3,7,28,0,0
560,2023-07-14,2023,3,7,28,0,0
561,2023-07-15,2023,3,7,28,1,0
562,2023-07-16,2023,3,7,28,1,0
563,2023-07-17,2023,3,7,29,0,0
564,2023-07-18,2023,3,7,29,0,0
565,2023-07-19,2023,3,7,29,0,0
566,2023-07-20,2023,3,7,29,0,0
567,2023-07-21,2023,3,7,29,0,0
568,2023-07-22,2023,3,7,29,1,0
569,2023-07-23,2023,3,7,29,1,0
570,2023-07-24,2023,3,7,30,0,0
571,2023-07-25,2023,3,7,30,0,0
572,2023-07-26,2023,3,7,30,0,0
573,2023-07-27,2023,3,7,30,0,0
574,2023-07-28,2023,3,7,30,0,0
575,2023-07-29,2023,3,7,30,1,0
576,2023-07-30,2023,3,7,30,1,0
577,2023-07-31,2023,3,7,31,0,0
578,2023-08-01,2023,3,8,31,0,0
579,2023-08-02,2023,3,8,31,0,0
580,2023-08-03,2023,3,8,31,0,0
581,2023-08-04,2023,3,8,31,0,0
582,2023-08-05,2023,3,8,31,1,0
583,2023-08-06,2023,3,8,31,1,0
584,2023-08-07,2023,3,8,32,0,0
585,2023-08-08,2023,3,8,32,0,0
586,2023-08-09,2023,3,8,32,0,0
587,2023-08-10,2023,3,8,32,0,0
588,2023-08-11,2023,3,8,32,0,0
589,2023-08-12,2023,3,8,32,1,0
590,2023-08-13,2023,3,8,32,1,0
591,2023-08-14,2023,3,8,33,0,0
592,2023-08-15,2023,3,8,33,0,0
593,2023-08-16,2023,3,8,33,0,0
594,2023-08-17,2023,3,8,33,0,0
595,2023-08-18,2023,3,8,33,0,0
596,2023-08-19,2023,3,8,33,1,0
597,2023-08-20,2023,3,8,33,1,0
598,2023-08-21,2023,3,8,34,0,0
599,2023-08-22,2023,3,8,34,0,0
600,2023-08-23,2023,3,8,34,0,0
601,2023-08-24,2023,3,8,34,0,0
602,2023-08-25,2023,3,8,34,0,0
603,2023-08-26,2023,3,8,34,1,0
604,2023-08-27,2023,3,8,34,1,0
605,2023-08-28,2023,3,8,35,0,0
606,2023-08-29,2023,3,8,35,0,0
607,2023-08-30,2023,3,8,35,0,0
608,2023-08-31,2023,3,8,35,0,0
609,2023-09-01,2023,3,9,35,0,0
610,2023-09-02,2023,3,9,35,1,0
611,2023-09-03,2023,3,9,35,1,0
612,2023-09-04,2023,3,9,36,0,1
613,2023-09-05,2023,3,9,36,0,0
614,2023-09-06,2023,3,9,36,0,0
615,2023-09-07,2023,3,9,36,0,0
616,2023-09-08,2023,3,9,36,0,0
617,2023-09-09,2023,3,9,36,1,0
618,2023-09-10,2023,3,9,36,1,0
619,2023-09-11,2023,3,9,37,0,0
620,2023-09-12,2023,3,9,37,0,0
621,2023-09-13,2023,3,9,37,0,0
622,2023-09-14,2023,3,9,37,0,0
623,2023-09-15,2023,3,9,37,0,0
624,2023-09-16,2023,3,9,37,1,0
625,2023-09-17,2023,3,9,37,1,0
626,2023-09-18,2023,3,9,38,0,0
627,2023-09-19,2023,3,9,38,0,0
628,2023-09-20,2023,3,9,38,0,0
629,2023-09-21,2023,3,9,38,0,0
630,2023-09-22,2023,3,9,38,0,0
631,2023-09-23,2023,3,9,38,1,0
632,2023-09-24,2023,3,9,38,1,0
633,2023-09-25,2023,3,9,39,0,0
634,2023-09-26,2023,3,9,39,0,0
635,2023-09-27,2023,3,9,39,0,0
636,2023-09-28,2023,3,9,39,0,0
637,2023-09-29,2023,3,9,39,0,0
638,2023-09-30,2023,3,9,39,1,0
639,2023-10-01,2023,4,10,39,1,0
640,2023-10-02,2023,4,10,40,0,0
641,2023-10-03,2023,4,10,40,0,0
642,2023-10-04,2023,4,10,40,0,0
643,2023-10-05,2023,4,10,40,0,0
644,2023-10-06,2023,4,10,40,0,0
645,2023-10-07,2023,4,10,40,1,0
646,2023-10-08,2023,4,10,40,1,0
647,2023-10-09,2023,4,10,41,0,0
648,2023-10-10,2023,4,10,41,0,0
649,2023-10-11,2023,4,10,41,0,0
650,2023-10-12,2023,4,10,41,0,0
651,2023-10-13,2023,4,10,41,0,0
652,2023-10-14,2023,4,10,41,1,0
653,2023-10-15,2023,4,10,41,1,0
654,2023-10-16,2023,4,10,42,0,0
655,2023-10-17,2023,4,10,42,0,0
656,2023-10-18,2023,4,10,42,0,0
657,2023-10-19,2023,4,10,42,0,0
658,2023-10-20,2023,4,10,42,0,0
659,2023-10-21,2023,4,10,42,1,0
660,2023-10-22,2023,4,10,42,1,0
661,2023-10-23,2023,4,10,43,0,0
662,2023-10-24,2023,4,10,43,0,0
663,2023-10-25,2023,4,10,43,0,0
664,2023-10-26,2023,4,10,43,0,0
665,2023-10-27,2023,4,10,43,0,0
666,2023-10-28,2023,4,10,43,1,0
667,2023-10-29,2023,4,10,43,1,0
668,2023-10-30,2023,4,10,44,0,0
669,2023-10-31,2023,4,10,44,0,0
670,2023-11-01,2023,4,11,44,0,0
671,2023-11-02,2023,4,11,44,0,0
672,2023-11-03,2023,4,11,44,0,0
673,2023-11-04,2023,4,11,44,1,0
674,2023-11-05,2023,4,11,44,1,0
675,2023-11-06,2023,4,11,45,0,0
676,2023-11-07,2023,4,11,45,0,0
677,2023-11-08,2023,4,11,45,0,0
678,2023-11-09,2023,4,11,45,0,0
679,2023-11-10,2023,4,11,45,0,1
680,2023-11-11,2023,4,11,45,1,0
681,2023-11-12,2023,4,11,45,1,0
682,2023-11-13,2023,4,11,46,0,0
683,2023-11-14,2023,4,11,46,0,0
684,2023-11-15,2023,4,11,46,0,0
685,2023-11-16,2023,4,11,46,0,0
686,2023-11-17,2023,4,11,46,0,0
687,2023-11-18,2023,4,11,46,1,0
688,2023-11-19,2023,4,11,46,1,0
689,2023-11-20,2023,4,11,47,0,0
690,2023-11-21,2023,4,11,47,0,0
691,2023-11-22,2023,4,11,47,0,0
692,2023-11-23,2023,4,11,47,0,1
693,2023-11-24,2023,4,11,47,0,0
694,2023-11-25,2023,4,11,47,1,0
695,2023-11-26,2023,4,11,47,1,0
696,2023-11-27,2023,4,11,48,0,0
697,2023-11-28,2023,4,11,48,0,0
698,2023-11-29,2023,4,11,48,0,0
699,2023-11-30,2023,4,11,48,0,0
700,2023-12-01,2023,4,12,48,0,0
701,2023-12-02,2023,4,12,48,1,0
702,2023-12-03,2023,4,12,48,1,0
703,2023-12-04,2023,4,12,49,0,0
704,2023-12-05,2023,4,12,49,0,0
705,2023-12-06,2023,4,12,49,0,0
706,2023-12-07,2023,4,12,49,0,0
707,2023-12-08,2023,4,12,49,0,0
708,2023-12-09,2023,4,12,49,1,0
709,2023-12-10,2023,4,12,49,1,0
710,2023-12-11,2023,4,12,50,0,0
711,2023-12-12,2023,4,12,50,0,0
712,2023-12-13,2023,4,12,50,0,0
713,2023-12-14,2023,4,12,50,0,0
714,2023-12-15,2023,4,12,50,0,0
715,2023-12-16,2023,4,12,50,1,0
716,2023-12-17,2023,4,12,50,1,0
717,2023-12-18,2023,4,12,51,0,0
718,2023-12-19,2023,4,12,51,0,0
719,2023-12-20,2023,4,12,51,0,0
720,2023-12-21,2023,4,12,51,0,0
721,2023-12-22,2023,4,12,51,0,0
722,2023-12-23,2023,4,12,51,1,0
723,2023-12-24,2023,4,12,51,1,0
724,2023-12-25,2023,4,12,52,0,1
725,2023-12-26,2023,4,12,52,0,0
726,2023-12-27,2023,4,12,52,0,0
727,2023-12-28,2023,4,12,52,0,0
728,2023-12-29,2023,4,12,52,0,0
729,2023-12-30,2023,4,12,52,1,0
730,2023-12-31,2023,4,12,52,1,0
731,2024-01-01,2024,1,1,1,0,1
732,2024-01-02,2024,1,1,1,0,0
733,2024-01-03,2024,1,1,1,0,0
734,2024-01-04,2024,1,1,1,0,0
735,2024-01-05,2024,1,1,1,0,0
736,2024-01-06,2024,1,1,1,1,0
737,2024-01-07,2024,1,1,1,1,0
738,2024-01-08,2024,1,1,2,0,0
739,2024-01-09,2024,1,1,2,0,0
740,2024-01-10,2024,1,1,2,0,0
741,2024-01-11,2024,1,1,2,0,0
742,2024-01-12,2024,1,1,2,0,0
743,2024-01-13,2024,1,1,2,1,0
744,2024-01-14,2024,1,1,2,1,0
745,2024-01-15,2024,1,1,3,0,1
746,2024-01-16,2024,1,1,3,0,0
747,2024-01-17,2024,1,1,3,0,0
748,2024-01-18,2024,1,1,3,0,0
749,2024-01-19,2024,1,1,3,0,0
750,2024-01-20,2024,1,1,3,1,0
751,2024-01-21,2024,1,1,3,1,0
752,2024-01-22,2024,1,1,4,0,0
753,2024-01-23,2024,1,1,4,0,0
754,2024-01-24,2024,1,1,4,0,0
755,2024-01-25,2024,1,1,4,0,0
756,2024-01-26,2024,1,1,4,0,0
757,2024-01-27,2024,1,1,4,1,0
758,2024-01-28,2024,1,1,4,1,0
759,2024-01-29,2024,1,1,5,0,0
760,2024-01-30,2024,1,1,5,0,0
761,2024-01-31,2024,1,1,5,0,0
762,2024-02-01,2024,1,2,5,0,0
763,2024-02-02,2024,1,2,5,0,0
764,2024-02-03,2024,1,2,5,1,0
765,2024-02-04,2024,1,2,5,1,0
766,2024-02-05,2024,1,2,6,0,0
767,2024-02-06,2024,1,2,6,0,0
768,2024-02-07,2024,1,2,6,0,0
769,2024-02-08,2024,1,2,6,0,0
770,2024-02-09,2024,1,2,6,0,0
771,2024-02-10,2024,1,2,6,1,0
772,2024-02-11,2024,1,2,6,1,0
773,2024-02-12,2024,1,2,7,0,0
774,2024-02-13,2024,1,2,7,0,0
775,2024-02-14,2024,1,2,7,0,0
776,2024-02-15,2024,1,2,7,0,0
777,2024-02-16,2024,1,2,7,0,0
778,2024-02-17,2024,1,2,7,1,0
779,2024-02-18,2024,1,2,7,1,0
780,2024-02-19,2024,1,2,8,0,1
781,2024-02-20,2024,1,2,8,0,0
782,2024-02-21,2024,1,2,8,0,0
783,2024-02-22,2024,1,2,8,0,0
784,2024-02-23,2024,1,2,8,0,0
785,2024-02-24,2024,1,2,8,1,0
786,2024-02-25,2024,1,2,8,1,0
787,2024-02-26,2024,1,2,9,0,0
788,2024-02-27,2024,1,2,9,0,0
789,2024-02-28,2024,1,2,9,0,0
790,2024-02-29,2024,1,2,9,0,0
791,2024-03-01,2024,1,3,9,0,0
792,2024-03-02,2024,1,3,9,1,0
793,2024-03-03,2024,1,3,9,1,0
794,2024-03-04,2024,1,3,10,0,0
795,2024-03-05,2024,1,3,10,0,0
796,2024-03-06,2024,1,3,10,0,0
797,2024-03-07,2024,1,3,10,0,0
798,2024-03-08,2024,1,3,10,0,0
799,2024-03-09,2024,1,3,10,1,0
800,2024-03-10,2024,1,3,10,1,0
801,2024-03-11,2024,1,3,11,0,0
802,2024-03-12,2024,1,3,11,0,0
803,2024-03-13,2024,1,3,11,0,0
804,2024-03-14,2024,1,3,11,0,0
805,2024-03-15,2024,1,3,11,0,0
806,2024-03-16,2024,1,3,11,1,0
807,2024-03-17,2024,1,3,11,1,0
808,2024-03-18,2024,1,3,12,0,0
809,2024-03-19,2024,1,3,12,0,0
810,2024-03-20,2024,1,3,12,0,0
811,2024-03-21,2024,1,3,12,0,0
812,2024-03-22,2024,1,3,12,0,0
813,2024-03-23,2024,1,3,12,1,0
814,2024-03-24,2024,1,3,12,1,0
815,2024-03-25,2024,1,3,13,0,0
816,2024-03-26,2024,1,3,13,0,0
817,2024-03-27,2024,1,3,13,0,0
818,2024-03-28,2024,1,3,13,0,0
819,2024-03-29,2024,1,3,13,0,0
820,2024-03-30,2024,1,3,13,1,0
821,2024-03-31,2024,1,3,13,1,0
822,2024-04-01,2024,2,4,14,0,0
823,2024-04-02,2024,2,4,14,0,0
824,2024-04-03,2024,2,4,14,0,0
825,2024-04-04,2024,2,4,14,0,0
826,2024-04-05,2024,2,4,14,0,0
827,2024-04-06,2024,2,4,14,1,0
828,2024-04-07,2024,2,4,14,1,0
829,2024-04-08,2024,2,4,15,0,0
830,2024-04-09,2024,2,4,15,0,0
831,2024-04-10,2024,2,4,15,0,0
832,2024-04-11,2024,2,4,15,0,0
833,2024-04-12,2024,2,4,15,0,0
834,2024-04-13,2024,2,4,15,1,0
835,2024-04-14,2024,2,4,15,1,0
836,2024-04-15,2024,2,4,16,0,0
837,2024-04-16,2024,2,4,16,0,0
838,2024-04-17,2024,2,4,16,0,0
839,2024-04-18,2024,2,4,16,0,0
840,2024-04-19,2024,2,4,16,0,0
841,2024-04-20,2024,2,4,16,1,0
842,2024-04-21,2024,2,4,16,1,0
843,2024-04-22,2024,2,4,17,0,0
844,2024-04-23,2024,2,4,17,0,0
845,2024-04-24,2024,2,4,17,0,0
846,2024-04-25,2024,2,4,17,0,0
847,2024-04-26,2024,2,4,17,0,0
848,2024-04-27,2024,2,4,17,1,0
849,2024-04-28,2024,2,4,17,1,0
850,2024-04-29,2024,2,4,18,0,0
851,2024-04-30,2024,2,4,18,0,0
852,2024-05-01,2024,2,5,18,0,0
853,2024-05-02,2024,2,5,18,0,0
854,2024-05-03,2024,2,5,18,0,0
855,2024-05-04,2024,2,5,18,1,0
856,2024-05-05,2024,2,5,18,1,0
857,2024-05-06,2024,2,5,19,0,0
858,2024-05-07,2024,2,5,19,0,0
859,2024-05-08,2024,2,5,19,0,0
860,2024-05-09,2024,2,5,19,0,0
861,2024-05-10,2024,2,5,19,0,0
862,2024-05-11,2024,2,5,19,1,0
863,2024-05-12,2024,2,5,19,1,0
864,2024-05-13,2024,2,5,20,0,0
865,2024-05-14,2024,2,5,20,0,0
866,2024-05-15,2024,2,5,20,0,0
867,2024-05-16,2024,2,5,20,0,0
868,2024-05-17,2024,2,5,20,0,0
869,2024-05-18,2024,2,5,20,1,0
870,2024-05-19,2024,2,5,20,1,0
871,2024-05-20,2024,2,5,21,0,0
872,2024-05-21,2024,2,5,21,0,0
873,2024-05-22,2024,2,5,21,0,0
874,2024-05-23,2024,2,5,21,0,0
875,2024-05-24,2024,2,5,21,0,0
876,2024-05-25,2024,2,5,21,1,0
877,2024-05-26,2024,2,5,21,1,0
878,2024-05-27,2024,2,5,22,0,1
879,2024-05-28,2024,2,5,22,0,0
880,2024-05-29,2024,2,5,22,0,0
881,2024-05-30,2024,2,5,22,0,0
882,2024-05-31,2024,2,5,22,0,0
883,2024-06-01,2024,2,6,22,1,0
884,2024-06-02,2024,2,6,22,1,0
885,2024-06-03,2024,2,6,23,0,0
886,2024-06-04,2024,2,6,23,0,0
887,2024-06-05,2024,2,6,23,0,0
888,2024-06-06,2024,2,6,23,0,0
889,2024-06-07,2024,2,6,23,0,0
890,2024-06-08,2024,2,6,23,1,0
891,2024-06-09,2024,2,6,23,1,0
892,2024-06-10,2024,2,6,24,0,0
893,2024-06-11,2024,2,6,24,0,0
894,2024-06-12,2024,2,6,24,0,0
895,2024-06-13,2024,2,6,24,0,0
896,2024-06-14,2024,2,6,24,0,0
897,2024-06-15,2024,2,6,24,1,0
898,2024-06-16,2024,2,6,24,1,0
899,2024-06-17,2024,2,6,25,0,0
900,2024-06-18,2024,2,6,25,0,0
901,2024-06-19,2024,2,6,25,0,0
902,2024-06-20,2024,2,6,25,0,0
903,2024-06-21,2024,2,6,25,0,0
904,2024-06-22,2024,2,6,25,1,0
905,2024-06-23,2024,2,6,25,1,0
906,2024-06-24,2024,2,6,26,0,0
907,2024-06-25,2024,2,6,26,0,0
908,2024-06-26,2024,2,6,26,0,0
909,2024-06-27,2024,2,6,26,0,0
910,2024-06-28,2024,2,6,26,0,0
911,2024-06-29,2024,2,6,26,1,0
912,2024-06-30,2024,2,6,26,1,0
913,2024-07-01,2024,3,7,27,0,0
914,2024-07-02,2024,3,7,27,0,0
915,2024-07-03,2024,3,7,27,0,0
916,2024-07-04,2024,3,7,27,0,1
917,2024-07-05,2024,3,7,27,0,0
918,2024-07-06,2024,3,7,27,1,0
919,2024-07-07,2024,3,7,27,1,0
920,2024-07-08,2024,3,7,28,0,0
921,2024-07-09,2024,3,7,28,0,0
922,2024-07-10,2024,3,7,28,0,0
923,2024-07-11,2024,3,7,28,0,0
924,2024-07-12,2024,3,7,28,0,0
925,2024-07-13,2024,3,7,28,1,0
926,2024-07-14,2024,3,7,28,1,0
927,2024-07-15,2024,3,7,29,0,0
928,2024-07-16,2024,3,7,29,0,0
929,2024-07-17,2024,3,7,29,0,0
930,2024-07-18,2024,3,7,29,0,0
931,2024-07-19,2024,3,7,29,0,0
932,2024-07-20,2024,3,7,29,1,0
933,2024-07-21,2024,3,7,29,1,0
934,2024-07-22,2024,3,7,30,0,0
935,2024-07-23,2024,3,7,30,0,0
936,2024-07-24,2024,3,7,30,0,0
937,2024-07-25,2024,3,7,30,0,0
938,2024-07-26,2024,3,7,30,0,0
939,2024-07-27,2024,3,7,30,1,0
940,2024-07-28,2024,3,7,30,1,0
941,2024-07-29,2024,3,7,31,0,0
942,2024-07-30,2024,3,7,31,0,0
943,2024-07-31,2024,3,7,31,0,0
944,2024-08-01,2024,3,8,31,0,0
945,2024-08-02,2024,3,8,31,0,0
946,2024-08-03,2024,3,8,31,1,0
947,2024-08-04,2024,3,8,31,1,0
948,2024-08-05,2024,3,8,32,0,0
949,2024-08-06,2024,3,8,32,0,0
950,2024-08-07,2024,3,8,32,0,0
951,2024-08-08,2024,3,8,32,0,0
952,2024-08-09,2024,3,8,32,0,0
953,2024-08-10,2024,3,8,32,1,0
954,2024-08-11,2024,3,8,32,1,0
955,2024-08-12,2024,3,8,33,0,0
956,2024-08-13,2024,3,8,33,0,0
957,2024-08-14,2024,3,8,33,0,0
958,2024-08-15,2024,3,8,33,0,0
959,2024-08-16,2024,3,8,33,0,0
960,2024-08-17,2024,3,8,33,1,0
961,2024-08-18,2024,3,8,33,1,0
962,2024-08-19,2024,3,8,34,0,0
963,2024-08-20,2024,3,8,34,0,0
964,2024-08-21,2024,3,8,34,0,0
965,2024-08-22,2024,3,8,34,0,0
966,2024-08-23,2024,3,8,34,0,0
967,2024-08-24,2024,3,8,34,1,0
968,2024-08-25,2024,3,8,34,1,0
969,2024-08-26,2024,3,8,35,0,0
970,2024-08-27,2024,3,8,35,0,0
971,2024-08-28,2024,3,8,35,0,0
972,2024-08-29,2024,3,8,35,0,0
973,2024-08-30,2024,3,8,35,0,0
974,2024-08-31,2024,3,8,35,1,0
975,2024-09-01,2024,3,9,35,1,0
976,2024-09-02,2024,3,9,36,0,1
977,2024-09-03,2024,3,9,36,0,0
978,2024-09-04,2024,3,9,36,0,0
979,2024-09-05,2024,3,9,36,0,0
980,2024-09-06,2024,3,9,36,0,0
981,2024-09-07,2024,3,9,36,1,0
982,2024-09-08,2024,3,9,36,1,0
983,2024-09-09,2024,3,9,37,0,0
984,2024-09-10,2024,3,9,37,0,0
985,2024-09-11,2024,3,9,37,0,0
986,2024-09-12,2024,3,9,37,0,0
987,2024-09-13,2024,3,9,37,0,0
988,2024-09-14,2024,3,9,37,1,0
989,2024-09-15,2024,3,9,37,1,0
990,2024-09-16,2024,3,9,38,0,0
991,2024-09-17,2024,3,9,38,0,0
992,2024-09-18,2024,3,9,38,0,0
993,2024-09-19,2024,3,9,38,0,0
994,2024-09-20,2024,3,9,38,0,0
995,2024-09-21,2024,3,9,38,1,0
996,2024-09-22,2024,3,9,38,1,0
997,2024-09-23,2024,3,9,39,0,0
998,2024-09-24,2024,3,9,39,0,0
999,2024-09-25,2024,3,9,39,0,0
1000,2024-09-26,2024,3,9,39,0,0
1001,2024-09-27,2024,3,9,39,0,0
1002,2024-09-28,2024,3,9,39,1,0
1003,2024-09-29,2024,3,9,39,1,0
1004,2024-09-30,2024,3,9,40,0,0
1005,2024-10-01,2024,4,10,40,0,0
1006,2024-10-02,2024,4,10,40,0,0
1007,2024-10-03,2024,4,10,40,0,0
1008,2024-10-04,2024,4,10,40,0,0
1009,2024-10-05,2024,4,10,40,1,0
1010,2024-10-06,2024,4,10,40,1,0
1011,2024-10-07,2024,4,10,41,0,0
1012,2024-10-08,2024,4,10,41,0,0
1013,2024-10-09,2024,4,10,41,0,0
1014,2024-10-10,2024,4,10,41,0,0
1015,2024-10-11,2024,4,10,41,0,0
1016,2024-10-12,2024,4,10,41,1,0
1017,2024-10-13,2024,4,10,41,1,0
1018,2024-10-14,2024,4,10,42,0,0
1019,2024-10-15,2024,4,10,42,0,0
1020,2024-10-16,2024,4,10,42,0,0
1021,2024-10-17,2024,4,10,42,0,0
1022,2024-10-18,2024,4,10,42,0,0
1023,2024-10-19,2024,4,10,42,1,0
1024,2024-10-20,2024,4,10,42,1,0
1025,2024-10-21,2024,4,10,43,0,0
1026,2024-10-22,2024,4,10,43,0,0
1027,2024-10-23,2024,4,10,43,0,0
1028,2024-10-24,2024,4,10,43,0,0
1029,2024-10-25,2024,4,10,43,0,0
1030,2024-10-26,2024,4,10,43,1,0
1031,2024-10-27,2024,4,10,43,1,0
1032,2024-10-28,2024,4,10,44,0,0
1033,2024-10-29,2024,4,10,44,0,0
1034,2024-10-30,2024,4,10,44,0,0
1035,2024-10-31,2024,4,10,44,0,0
1036,2024-11-01,2024,4,11,44,0,0
1037,2024-11-02,2024,4,11,44,1,0
1038,2024-11-03,2024,4,11,44,1,0
1039,2024-11-04,2024,4,11,45,0,0
1040,2024-11-05,2024,4,11,45,0,0
1041,2024-11-06,2024,4,11,45,0,0
1042,2024-11-07,2024,4,11,45,0,0
1043,2024-11-08,2024,4,11,45,0,0
1044,2024-11-09,2024,4,11,45,1,0
1045,2024-11-10,2024,4,11,45,1,0
1046,2024-11-11,2024,4,11,46,0,1
1047,2024-11-12,2024,4,11,46,0,0
1048,2024-11-13,2024,4,11,46,0,0
1049,2024-11-14,2024,4,11,46,0,0
1050,2024-11-15,2024,4,11,46,0,0
1051,2024-11-16,2024,4,11,46,1,0
1052,2024-11-17,2024,4,11,46,1,0
1053,2024-11-18,2024,4,11,47,0,0
1054,2024-11-19,2024,4,11,47,0,0
1055,2024-11-20,2024,4,11,47,0,0
1056,2024-11-21,2024,4,11,47,0,0
1057,2024-11-22,2024,4,11,47,0,0
1058,2024-11-23,2024,4,11,47,1,0
1059,2024-11-24,2024,4,11,47,1,0
1060,2024-11-25,2024,4,11,48,0,0
1061,2024-11-26,2024,4,11,48,0,0
1062,2024-11-27,2024,4,11,48,0,0
1063,2024-11-28,2024,4,11,48,0,1
1064,2024-11-29,2024,4,11,48,0,0
1065,2024-11-30,2024,4,11,48,1,0
1066,2024-12-01,2024,4,12,48,1,0
1067,2024-12-02,2024,4,12,49,0,0
1068,2024-12-03,2024,4,12,49,0,0
1069,2024-12-04,2024,4,12,49,0,0
1070,2024-12-05,2024,4,12,49,0,0
1071,2024-12-06,2024,4,12,49,0,0
1072,2024-12-07,2024,4,12,49,1,0
1073,2024-12-08,2024,4,12,49,1,0
1074,2024-12-09,2024,4,12,50,0,0
1075,2024-12-10,2024,4,12,50,0,0
1076,2024-12-11,2024,4,12,50,0,0
1077,2024-12-12,2024,4,12,50,0,0
1078,2024-12-13,2024,4,12,50,0,0
1079,2024-12-14,2024,4,12,50,1,0
1080,2024-12-15,2024,4,12,50,1,0
1081,2024-12-16,2024,4,12,51,0,0
1082,2024-12-17,2024,4,12,51,0,0
1083,2024-12-18,2024,4,12,51,0,0
1084,2024-12-19,2024,4,12,51,0,0
1085,2024-12-20,2024,4,12,51,0,0
1086,2024-12-21,2024,4,12,51,1,0
1087,2024-12-22,2024,4,12,51,1,0
1088,2024-12-23,2024,4,12,52,0,0
1089,2024-12-24,2024,4,12,52,0,0
1090,2024-12-25,2024,4,12,52,0,1
1091,2024-12-26,2024,4,12,52,0,0
1092,2024-12-27,2024,4,12,52,0,0
1093,2024-12-28,2024,4,12,52,1,0
1094,2024-12-29,2024,4,12,52,1,0
1095,2024-12-30,2024,4,12,1,0,0
1096,2024-12-31,2024,4,12,1,0,0
