return_id,order_id,return_date,total_refund_amount
1,3,2022-01-04,122.86
2,4,2022-01-20,183.4
3,6,2022-01-27,93.36
4,7,2022-01-22,224.67
5,8,2022-01-10,58.74
6,19,2022-01-18,35.76
7,21,2022-01-13,79.24
8,24,2022-01-25,59.61
9,25,2022-01-17,120.42
10,31,2022-01-12,132.02
11,32,2022-01-14,57.71
12,38,2022-02-02,79.25
13,39,2022-01-30,251.92
14,40,2022-01-29,169.72
15,41,2022-02-03,72.87
16,54,2022-01-28,146.65
17,58,2022-02-04,9.39
18,59,2022-02-15,174.75
19,60,2022-02-05,58.15
20,60,2022-01-26,377.48
21,61,2022-01-26,41.05
22,64,2022-02-11,92.46
23,65,2022-02-13,154.3
24,66,2022-02-21,224.67
25,78,2022-02-01,22.48
26,80,2022-02-23,184.25
27,86,2022-02-26,42.47
28,86,2022-02-21,184.25
29,86,2022-02-22,39.61
30,91,2022-02-24,266.25
31,97,2022-02-12,29.72
32,100,2022-02-14,14.75
33,102,2022-02-13,311.8
34,102,2022-02-12,116.0
35,106,2022-02-17,41.05
36,109,2022-02-08,106.52
37,110,2022-03-02,153.15
38,111,2022-02-28,48.51
39,113,2022-02-14,402.8
40,115,2022-02-20,128.86
41,122,2022-02-16,126.84
42,126,2022-02-18,39.61
43,132,2022-03-05,37.59
44,142,2022-03-18,212.34
45,142,2022-02-19,97.02
46,150,2022-02-21,36.44
47,150,2022-03-11,81.42
48,151,2022-03-17,154.53
49,151,2022-02-28,186.72
50,152,2022-03-19,94.36
51,174,2022-03-25,25.24
52,175,2022-03-20,371.78
53,188,2022-03-26,66.71
54,191,2022-04-02,234.96
55,199,2022-03-09,196.78
56,202,2022-03-15,280.42
57,206,2022-03-25,122.86
58,206,2022-03-31,49.85
59,218,2022-04-04,17.84
60,220,2022-04-09,247.71
61,220,2022-03-23,245.2
62,221,2022-04-07,142.74
63,226,2022-03-15,245.2
64,230,2022-03-21,43.04
65,230,2022-03-29,24.01
66,233,2022-04-10,29.72
67,237,2022-03-17,291.18
68,240,2022-03-24,33.88
69,242,2022-04-15,62.73
70,243,2022-03-18,18.92
71,246,2022-04-08,197.76
72,248,2022-03-23,39.61
73,251,2022-04-05,215.49
74,253,2022-03-30,77.82
75,257,2022-04-05,118.83
76,270,2022-03-30,128.76
77,274,2022-03-30,69.72
78,277,2022-04-17,58.76
79,277,2022-04-24,106.17
80,285,2022-04-18,49.85
81,291,2022-04-28,205.25
82,292,2022-03-31,135.3
83,299,2022-04-24,202.4
84,302,2022-04-24,408.5
85,306,2022-04-19,62.86
86,312,2022-04-07,45.46
87,313,2022-04-06,368.5
88,314,2022-04-08,980.8
89,317,2022-04-10,196.78
90,320,2022-04-21,120.42
91,322,2022-04-24,42.44
92,325,2022-04-14,17.23
93,326,2022-05-03,183.4
94,329,2022-04-12,366.8
95,333,2022-04-29,88.61
96,339,2022-04-14,133.09
97,341,2022-04-12,88.75
98,349,2022-05-01,183.4
99,355,2022-04-30,147.84
100,356,2022-05-13,233.46
101,357,2022-04-30,75.36
102,359,2022-05-12,106.17
103,361,2022-05-13,400.55
104,364,2022-04-20,660.1
105,381,2022-05-17,83.99
106,384,2022-04-22,53.99
107,388,2022-05-20,182.53
108,391,2022-04-29,295.68
109,396,2022-05-20,88.61
110,404,2022-05-22,119.98
111,406,2022-05-04,28.35
112,406,2022-05-25,119.76
113,415,2022-05-17,230.95
114,417,2022-05-09,285.48
115,419,2022-05-18,146.65
116,424,2022-05-22,141.52
117,425,2022-05-13,39.9
118,427,2022-05-15,325.48
119,434,2022-05-25,121.88
120,434,2022-05-12,20.79
121,444,2022-05-30,18.92
122,445,2022-05-08,394.5
123,449,2022-05-08,35.03
124,450,2022-05-23,253.68
125,451,2022-06-01,48.14
126,456,2022-05-20,212.16
127,457,2022-05-23,61.42
128,459,2022-06-03,38.62
129,460,2022-05-23,203.5
130,460,2022-05-12,63.51
131,461,2022-05-21,107.98
132,462,2022-05-25,78.9
133,466,2022-06-10,17.84
134,470,2022-06-02,145.59
135,474,2022-06-01,178.65
136,486,2022-05-17,83.99
137,499,2022-06-08,17.29
138,500,2022-06-17,129.48
139,501,2022-05-25,53.99
140,506,2022-06-02,377.48
141,507,2022-05-30,223.5
142,519,2022-06-07,142.74
143,520,2022-06-07,115.67
144,521,2022-06-09,119.98
145,525,2022-06-16,70.14
146,533,2022-06-07,58.76
147,533,2022-06-06,46.44
148,533,2022-06-10,69.18
149,541,2022-06-24,182.53
150,544,2022-06-05,42.47
151,547,2022-06-05,69.18
152,547,2022-06-14,157.8
153,550,2022-06-09,24.08
154,552,2022-06-07,43.12
155,552,2022-06-12,144.42
156,556,2022-07-03,39.61
157,559,2022-06-28,55.46
158,559,2022-07-01,43.06
159,560,2022-06-25,106.17
160,560,2022-06-30,71.83
161,565,2022-06-14,77.82
162,566,2022-06-08,36.75
163,569,2022-06-08,45.46
164,573,2022-06-25,36.2
165,575,2022-06-14,787.12
166,576,2022-06-22,71.83
167,581,2022-06-30,140.21
168,584,2022-06-24,101.75
169,587,2022-06-16,371.78
170,592,2022-06-18,178.65
171,593,2022-07-02,78.9
172,594,2022-06-20,184.25
173,596,2022-06-20,66.58
174,610,2022-07-02,530.97
175,620,2022-07-15,58.03
176,622,2022-07-11,30.71
177,622,2022-07-07,245.2
178,623,2022-07-08,196.78
179,626,2022-06-29,167.4
180,626,2022-07-08,280.08
181,626,2022-06-25,58.74
182,627,2022-06-29,184.25
183,631,2022-07-08,182.53
184,633,2022-07-04,25.06
185,636,2022-07-01,524.25
186,640,2022-07-10,62.86
187,641,2022-07-20,76.54
188,652,2022-07-14,21.51
189,654,2022-06-27,48.95
190,658,2022-06-30,24.01
191,661,2022-07-02,44.25
192,663,2022-07-26,280.42
193,663,2022-07-17,138.34
194,668,2022-07-05,177.22
195,669,2022-07-26,55.37
196,674,2022-07-27,765.75
197,677,2022-07-17,177.22
198,677,2022-07-05,4.74
199,679,2022-07-12,128.76
200,680,2022-07-10,16.37
201,681,2022-07-02,53.52
202,683,2022-07-12,354.44
203,690,2022-07-25,245.2
204,695,2022-07-30,71.83
205,699,2022-07-09,311.8
206,703,2022-07-24,82.57
207,704,2022-07-16,238.92
208,706,2022-07-23,106.17
209,710,2022-08-06,245.2
210,715,2022-07-22,48.51
211,727,2022-07-25,64.56
212,729,2022-08-05,251.92
213,733,2022-08-04,36.94
214,734,2022-08-11,81.9
215,735,2022-07-20,432.09
216,736,2022-08-01,66.71
217,737,2022-07-14,80.11
218,742,2022-07-25,65.34
219,748,2022-08-06,727.95
220,756,2022-08-13,51.92
221,761,2022-07-21,14.34
222,768,2022-08-18,34.58
223,768,2022-07-23,238.92
224,777,2022-08-18,174.75
225,783,2022-08-08,542.34
226,786,2022-08-01,176.99
227,789,2022-07-31,88.61
228,791,2022-08-22,264.04
229,791,2022-08-01,231.45
230,794,2022-07-30,79.24
231,802,2022-08-23,78.9
232,804,2022-08-12,206.97
233,808,2022-08-13,84.58
234,810,2022-08-12,167.62
235,815,2022-08-17,49.32
236,817,2022-08-31,62.73
237,824,2022-08-30,280.42
238,846,2022-08-09,36.12
239,849,2022-08-29,17.84
240,857,2022-09-07,58.74
241,863,2022-08-13,29.02
242,866,2022-08-17,154.3
243,869,2022-08-20,145.57
244,883,2022-08-15,185.89
245,884,2022-09-04,169.16
246,885,2022-09-05,145.53
247,890,2022-09-10,71.83
248,906,2022-09-12,129.92
249,911,2022-09-13,122.86
250,920,2022-09-17,135.52
251,921,2022-09-08,88.61
252,929,2022-09-01,432.09
253,932,2022-09-01,72.88
254,932,2022-09-19,33.88
255,935,2022-08-23,150.34
256,938,2022-09-02,94.36
257,945,2022-09-11,193.29
258,947,2022-08-31,279.78
259,949,2022-09-02,84.88
260,950,2022-09-12,47.84
261,950,2022-09-22,155.64
262,955,2022-09-22,72.04
263,958,2022-09-10,53.04
264,959,2022-08-30,178.65
265,968,2022-09-10,47.03
266,970,2022-09-02,24.51
267,973,2022-08-30,63.51
268,973,2022-09-21,295.68
269,977,2022-09-02,124.52
270,980,2022-09-16,809.6
271,981,2022-09-20,57.58
272,984,2022-09-09,182.53
273,985,2022-09-16,79.22
274,989,2022-09-11,115.67
275,989,2022-09-09,165.14
276,996,2022-09-20,74.54
277,1009,2022-10-04,576.12
278,1010,2022-10-01,73.88
279,1018,2022-09-28,251.42
280,1025,2022-09-23,169.72
281,1028,2022-10-06,903.9
282,1030,2022-10-08,366.08
283,1032,2022-09-25,535.95
284,1033,2022-09-24,17.84
285,1037,2022-10-07,231.34
286,1042,2022-09-21,490.4
287,1052,2022-09-28,99.87
288,1054,2022-09-18,64.43
289,1061,2022-10-06,17.29
290,1071,2022-10-05,142.74
291,1075,2022-09-22,65.69
292,1077,2022-09-29,75.08
293,1078,2022-09-28,126.84
294,1087,2022-10-12,201.4
295,1088,2022-10-09,53.26
296,1092,2022-10-14,306.3
297,1093,2022-10-10,120.42
298,1095,2022-10-03,122.86
299,1097,2022-10-10,36.02
300,1103,2022-10-01,396.3
301,1105,2022-10-18,34.86
302,1109,2022-10-19,180.78
303,1113,2022-10-16,36.94
304,1117,2022-09-30,79.26
305,1119,2022-10-12,129.48
306,1120,2022-10-22,245.72
307,1121,2022-10-12,39.61
308,1127,2022-10-22,46.44
309,1127,2022-10-04,366.08
310,1129,2022-10-07,17.98
311,1144,2022-10-19,239.72
312,1145,2022-10-12,58.15
313,1145,2022-10-17,22.48
314,1154,2022-10-17,88.61
315,1159,2022-10-10,122.86
316,1160,2022-10-20,10.0
317,1168,2022-11-02,224.67
318,1170,2022-10-23,115.67
319,1181,2022-10-16,67.76
320,1198,2022-11-02,253.68
321,1205,2022-10-18,293.3
322,1210,2022-11-14,39.61
323,1214,2022-11-13,94.36
324,1224,2022-10-21,150.16
325,1227,2022-11-07,201.4
326,1228,2022-10-26,267.18
327,1231,2022-11-14,158.44
328,1233,2022-10-28,287.32
329,1234,2022-10-27,443.52
330,1234,2022-11-07,80.11
331,1235,2022-10-30,35.68
332,1237,2022-11-06,53.99
333,1243,2022-11-18,122.86
334,1260,2022-11-13,116.0
335,1264,2022-11-27,174.75
336,1264,2022-11-21,165.14
337,1265,2022-11-15,93.36
338,1269,2022-11-12,282.36
339,1279,2022-11-21,24.25
340,1285,2022-11-17,133.09
341,1287,2022-11-26,14.99
342,1289,2022-12-03,62.86
343,1290,2022-12-01,399.27
344,1291,2022-11-19,98.64
345,1293,2022-11-22,25.06
346,1298,2022-11-18,101.75
347,1298,2022-11-16,153.15
348,1299,2022-11-20,71.92
349,1301,2022-12-01,226.08
350,1304,2022-11-13,56.7
351,1307,2022-11-12,188.58
352,1310,2022-11-18,56.86
353,1312,2022-11-25,89.2
354,1314,2022-11-15,43.06
355,1319,2022-12-07,97.02
356,1323,2022-11-19,79.24
357,1324,2022-11-14,84.58
358,1326,2022-11-21,133.09
359,1327,2022-11-23,9.76
360,1329,2022-11-15,55.46
361,1333,2022-11-25,122.84
362,1336,2022-11-13,126.4
363,1345,2022-11-18,102.18
364,1352,2022-12-11,26.45
365,1353,2022-12-05,196.78
366,1360,2022-12-02,175.64
367,1365,2022-12-13,48.51
368,1366,2022-11-27,93.36
369,1377,2022-11-18,77.15
370,1377,2022-11-22,83.99
371,1382,2022-11-21,288.06
372,1390,2022-12-03,39.61
373,1395,2022-12-07,230.95
374,1399,2022-11-24,394.5
375,1400,2022-11-27,140.32
376,1415,2022-12-21,414.99
377,1416,2022-12-14,125.72
378,1416,2022-12-10,361.26
379,1418,2022-12-07,125.71
380,1431,2022-12-04,12.62
381,1439,2022-12-19,82.1
382,1443,2022-12-01,10.0
383,1447,2022-11-30,449.34
384,1456,2022-12-28,178.65
385,1456,2022-12-13,53.99
386,1467,2022-12-30,107.98
387,1482,2022-12-18,79.24
388,1483,2022-12-14,366.8
389,1484,2022-12-08,142.02
390,1487,2022-12-15,84.32
391,1489,2023-01-01,424.68
392,1495,2022-12-06,48.51
393,1506,2022-12-14,93.36
394,1507,2022-12-13,157.8
395,1511,2023-01-05,73.5
396,1515,2022-12-15,88.75
397,1515,2022-12-19,36.2
398,1516,2023-01-01,147.84
399,1517,2022-12-31,196.78
400,1519,2022-12-10,923.8
401,1520,2022-12-27,77.15
402,1521,2023-01-01,125.46
403,1522,2022-12-20,306.3
404,1524,2022-12-14,233.46
405,1525,2023-01-04,202.4
406,1530,2023-01-02,809.6
407,1531,2023-01-08,124.62
408,1534,2023-01-07,92.46
409,1540,2022-12-28,122.86
410,1547,2022-12-20,115.67
411,1552,2022-12-28,115.67
412,1554,2023-01-11,133.42
413,1557,2022-12-18,142.59
414,1562,2022-12-27,150.72
415,1568,2022-12-17,75.08
416,1573,2022-12-25,291.14
417,1574,2022-12-24,34.86
418,1575,2022-12-17,155.9
419,1577,2022-12-25,46.44
420,1578,2023-01-05,365.06
421,1578,2022-12-21,158.44
422,1581,2022-12-25,64.98
423,1587,2022-12-25,283.04
424,1587,2022-12-31,80.11
425,1598,2023-01-02,62.86
426,1598,2023-01-18,136.34
427,1604,2023-01-03,73.2
428,1607,2023-01-01,127.41
429,1612,2022-12-31,141.18
430,1614,2023-01-20,393.56
431,1629,2023-01-17,21.66
432,1631,2023-01-18,146.4
433,1632,2023-01-01,106.17
434,1643,2023-01-15,58.15
435,1644,2023-01-18,129.48
436,1645,2022-12-31,77.15
437,1645,2023-01-09,30.71
438,1647,2023-01-13,57.71
439,1649,2023-01-17,128.86
440,1649,2023-01-02,240.84
441,1653,2023-01-14,77.24
442,1655,2023-01-12,12.62
443,1660,2023-01-24,120.42
444,1662,2023-01-12,165.14
445,1667,2023-01-20,122.86
446,1676,2022-12-31,158.48
447,1678,2023-01-05,140.21
448,1678,2022-12-29,77.15
449,1680,2023-01-05,133.59
450,1685,2023-01-09,66.71
451,1689,2023-01-26,92.71
452,1692,2022-12-31,55.37
453,1693,2023-01-12,48.51
454,1693,2023-01-25,84.94
455,1694,2023-01-30,137.12
456,1700,2023-01-09,75.08
457,1700,2023-01-10,481.68
458,1704,2023-01-30,291.14
459,1704,2023-01-22,21.53
460,1707,2023-01-28,88.75
461,1713,2023-01-15,68.56
462,1714,2023-02-03,25.06
463,1716,2023-01-30,165.4
464,1718,2023-01-12,157.38
465,1718,2023-01-20,353.98
466,1720,2023-01-07,73.2
467,1721,2023-01-08,202.4
468,1723,2023-02-01,291.14
469,1736,2023-01-12,51.09
470,1739,2023-01-22,12.62
471,1740,2023-01-20,62.73
472,1744,2023-02-08,24.51
473,1746,2023-02-03,607.2
474,1746,2023-02-13,177.22
475,1748,2023-01-20,65.34
476,1748,2023-01-22,53.26
477,1756,2023-02-12,177.5
478,1758,2023-01-22,245.2
479,1759,2023-01-30,125.4
480,1763,2023-01-24,185.89
481,1767,2023-02-16,174.75
482,1774,2023-02-08,82.57
483,1775,2023-02-02,366.08
484,1776,2023-02-08,24.25
485,1776,2023-02-07,17.98
486,1778,2023-02-16,56.7
487,1781,2023-02-16,64.43
488,1782,2023-02-14,53.26
489,1783,2023-02-15,48.51
490,1787,2023-02-04,230.95
491,1795,2023-01-29,144.03
492,1796,2023-02-16,106.17
493,1797,2023-02-04,204.25
494,1802,2023-02-10,75.08
495,1808,2023-02-15,215.49
496,1811,2023-02-28,124.62
497,1812,2023-02-11,48.51
498,1813,2023-02-09,88.61
499,1814,2023-02-06,17.23
500,1814,2023-02-20,88.61
501,1821,2023-03-07,62.33
502,1822,2023-02-08,145.59
503,1822,2023-03-01,53.26
504,1824,2023-02-13,36.75
505,1833,2023-02-12,79.22
506,1834,2023-03-09,64.59
507,1834,2023-03-02,34.86
508,1846,2023-03-05,29.28
509,1849,2023-02-24,29.02
510,1859,2023-03-18,74.95
511,1862,2023-03-18,48.51
512,1874,2023-03-04,55.82
513,1876,2023-02-28,178.65
514,1878,2023-03-09,90.58
515,1884,2023-03-29,14.75
516,1885,2023-03-14,106.17
517,1887,2023-03-13,180.78
518,1889,2023-03-17,180.78
519,1894,2023-03-08,53.7
520,1894,2023-03-07,70.14
521,1895,2023-03-20,39.61
522,1897,2023-03-11,39.61
523,1904,2023-03-13,77.15
524,1905,2023-03-10,24.01
525,1913,2023-03-29,131.38
526,1917,2023-03-30,12.62
527,1920,2023-03-22,128.34
528,1922,2023-03-21,82.57
529,1922,2023-03-29,51.09
530,1922,2023-03-20,153.15
531,1929,2023-03-14,92.46
532,1932,2023-04-01,74.5
533,1940,2023-03-31,77.82
534,1943,2023-03-22,188.74
535,1943,2023-04-12,94.36
536,1945,2023-04-01,138.34
537,1961,2023-03-22,582.28
538,1962,2023-03-20,78.9
539,1965,2023-04-07,17.84
540,1966,2023-04-07,167.49
541,1967,2023-03-21,29.72
542,1977,2023-04-09,125.71
543,1979,2023-04-18,231.34
544,1984,2023-04-08,21.42
545,1989,2023-04-11,93.36
546,1991,2023-03-27,224.67
547,2002,2023-04-01,325.48
548,2002,2023-04-05,138.33
549,2006,2023-04-12,184.92
550,2016,2023-04-01,237.75
551,2017,2023-04-06,264.04
552,2022,2023-04-12,306.3
553,2032,2023-04-18,146.65
554,2032,2023-04-30,101.75
555,2038,2023-04-28,97.02
556,2060,2023-05-02,205.25
557,2063,2023-04-27,649.6
558,2067,2023-05-03,141.18
559,2067,2023-04-27,125.71
560,2069,2023-04-16,250.32
561,2070,2023-05-08,48.51
562,2071,2023-04-22,461.9
563,2076,2023-04-15,88.61
564,2080,2023-05-10,17.23
565,2082,2023-05-05,327.6
566,2085,2023-04-27,125.71
567,2094,2023-04-25,160.88
568,2094,2023-05-06,534.36
569,2099,2023-05-06,175.64
570,2099,2023-05-17,88.75
571,2102,2023-05-19,115.67
572,2103,2023-04-30,158.5
573,2104,2023-05-03,47.03
574,2111,2023-04-23,184.25
575,2112,2023-05-17,146.65
576,2118,2023-05-03,97.11
577,2136,2023-05-19,152.82
578,2136,2023-05-10,81.9
579,2137,2023-04-29,32.19
580,2152,2023-05-24,733.6
581,2157,2023-05-16,145.53
582,2158,2023-05-11,83.99
583,2166,2023-05-18,53.7
584,2170,2023-05-28,184.25
585,2181,2023-05-31,604.2
586,2183,2023-05-10,280.42
587,2183,2023-05-10,193.1
588,2186,2023-05-26,42.44
589,2188,2023-05-19,198.0
590,2189,2023-05-26,330.8
591,2207,2023-06-11,44.25
592,2208,2023-06-07,245.2
593,2215,2023-06-03,467.7
594,2216,2023-05-22,249.04
595,2219,2023-06-09,212.34
596,2219,2023-06-05,674.01
597,2234,2023-05-29,61.42
598,2234,2023-06-16,145.53
599,2249,2023-05-29,126.28
600,2251,2023-05-27,49.85
601,2252,2023-06-04,62.33
602,2254,2023-05-25,28.35
603,2256,2023-06-07,12.62
604,2264,2023-06-07,244.26
605,2266,2023-06-03,68.67
606,2278,2023-06-08,83.99
607,2279,2023-06-23,183.04
608,2279,2023-06-08,142.74
609,2285,2023-06-19,160.23
610,2294,2023-06-24,185.42
611,2295,2023-06-27,552.75
612,2295,2023-06-16,502.2
613,2297,2023-06-15,1007.0
614,2301,2023-06-22,140.21
615,2307,2023-06-08,53.26
616,2312,2023-06-21,143.8
617,2319,2023-06-30,291.18
618,2324,2023-06-23,377.44
619,2331,2023-07-01,4.74
620,2332,2023-06-19,461.9
621,2332,2023-07-07,232.12
622,2333,2023-06-18,80.11
623,2334,2023-06-27,174.75
624,2336,2023-07-01,178.65
625,2342,2023-06-18,215.49
626,2344,2023-06-21,251.42
627,2350,2023-06-21,119.98
628,2353,2023-07-12,224.67
629,2357,2023-06-22,25.06
630,2357,2023-06-23,83.81
631,2358,2023-06-16,133.59
632,2367,2023-06-18,68.99
633,2369,2023-07-01,147.84
634,2377,2023-06-28,84.94
635,2393,2023-07-18,90.2
636,2394,2023-06-30,183.4
637,2408,2023-07-18,128.86
638,2410,2023-07-16,45.08
639,2411,2023-06-28,47.84
640,2416,2023-07-08,189.6
641,2418,2023-07-27,557.67
642,2424,2023-07-28,155.64
643,2430,2023-07-26,10.0
644,2430,2023-07-24,145.59
645,2441,2023-07-16,186.78
646,2441,2023-07-03,183.04
647,2441,2023-07-04,160.22
648,2441,2023-07-14,133.59
649,2452,2023-07-26,7.17
650,2453,2023-07-04,399.27
651,2453,2023-07-09,202.4
652,2455,2023-07-26,232.0
653,2457,2023-07-30,35.68
654,2457,2023-08-02,155.64
655,2470,2023-07-21,98.25
656,2479,2023-07-27,78.9
657,2481,2023-08-04,30.76
658,2484,2023-07-22,186.72
659,2487,2023-07-25,77.82
660,2501,2023-07-25,42.84
661,2505,2023-07-25,75.08
662,2514,2023-07-27,607.2
663,2514,2023-07-28,180.78
664,2519,2023-08-02,14.75
665,2521,2023-07-28,458.84
666,2523,2023-07-26,153.15
667,2526,2023-08-08,119.98
668,2527,2023-07-17,204.25
669,2530,2023-07-29,146.65
670,2530,2023-08-12,287.6
671,2531,2023-07-26,365.06
672,2532,2023-07-25,94.6
673,2549,2023-07-31,129.48
674,2551,2023-08-19,155.9
675,2555,2023-08-01,138.33
676,2556,2023-08-10,83.99
677,2568,2023-08-23,357.3
678,2571,2023-07-29,88.61
679,2572,2023-08-08,62.26
680,2593,2023-08-13,81.9
681,2594,2023-08-11,24.51
682,2596,2023-08-06,77.15
683,2597,2023-08-14,37.84
684,2599,2023-08-17,183.4
685,2600,2023-08-06,63.51
686,2608,2023-08-22,140.32
687,2609,2023-08-26,283.04
688,2612,2023-08-31,267.18
689,2615,2023-08-08,79.24
690,2619,2023-08-17,147.84
691,2619,2023-08-13,120.42
692,2623,2023-08-18,524.25
693,2630,2023-08-18,542.34
694,2638,2023-08-22,201.4
695,2638,2023-08-26,16.37
696,2640,2023-08-14,32.19
697,2642,2023-08-24,177.5
698,2650,2023-08-19,93.36
699,2650,2023-08-12,126.48
700,2661,2023-09-08,283.08
701,2664,2023-08-24,179.79
702,2666,2023-08-27,43.32
703,2668,2023-08-19,81.9
704,2669,2023-08-26,92.47
705,2671,2023-09-06,49.02
706,2673,2023-08-13,24.08
707,2679,2023-08-26,400.55
708,2690,2023-09-08,71.33
709,2691,2023-08-14,115.67
710,2700,2023-08-25,145.59
711,2702,2023-08-22,393.56
712,2703,2023-09-04,21.51
713,2715,2023-09-13,334.8
714,2718,2023-09-08,74.5
715,2720,2023-08-22,110.82
716,2723,2023-08-19,43.13
717,2728,2023-09-06,14.51
718,2738,2023-09-18,84.86
719,2739,2023-09-15,396.06
720,2742,2023-09-09,57.58
721,2743,2023-08-31,552.75
722,2744,2023-09-08,165.14
723,2752,2023-08-31,65.69
724,2753,2023-08-29,17.98
725,2759,2023-09-21,141.52
726,2760,2023-09-07,83.99
727,2761,2023-09-15,245.2
728,2765,2023-09-05,27.91
729,2766,2023-09-07,24.25
730,2767,2023-09-17,256.68
731,2768,2023-08-31,150.34
732,2769,2023-09-17,24.25
733,2773,2023-09-22,225.24
734,2774,2023-09-20,31.39
735,2781,2023-09-09,151.15
736,2792,2023-09-26,81.9
737,2794,2023-09-23,201.4
738,2799,2023-09-21,14.99
739,2800,2023-09-22,71.01
740,2802,2023-08-30,138.33
741,2806,2023-09-03,239.96
742,2809,2023-09-16,71.01
743,2810,2023-09-28,157.38
744,2812,2023-09-22,283.04
745,2819,2023-09-27,120.42
746,2822,2023-09-25,21.52
747,2825,2023-09-14,182.53
748,2825,2023-09-09,71.33
749,2827,2023-09-17,83.99
750,2829,2023-09-05,41.05
751,2837,2023-09-11,283.04
752,2838,2023-09-13,119.98
753,2838,2023-09-29,404.8
754,2840,2023-09-24,42.44
755,2847,2023-09-06,25.06
756,2853,2023-09-18,128.34
757,2859,2023-09-26,79.24
758,2860,2023-09-21,125.71
759,2860,2023-09-20,38.62
760,2866,2023-09-18,64.43
761,2867,2023-09-23,167.4
762,2874,2023-09-12,129.92
763,2875,2023-10-04,389.76
764,2879,2023-09-12,113.72
765,2882,2023-09-20,55.46
766,2887,2023-10-11,317.0
767,2890,2023-09-24,291.18
768,2906,2023-09-28,152.82
769,2906,2023-10-12,48.51
770,2907,2023-10-14,79.26
771,2907,2023-09-24,53.99
772,2908,2023-09-16,80.11
773,2911,2023-09-22,127.02
774,2912,2023-10-04,82.1
775,2917,2023-09-18,39.61
776,2921,2023-09-30,365.06
777,2922,2023-09-29,48.51
778,2926,2023-10-14,24.51
779,2926,2023-10-11,43.12
780,2927,2023-10-11,188.72
781,2933,2023-10-10,61.24
782,2939,2023-09-27,34.58
783,2944,2023-10-17,57.71
784,2945,2023-10-19,202.4
785,2946,2023-10-14,167.49
786,2946,2023-09-26,62.73
787,2947,2023-10-12,177.22
788,2949,2023-10-17,27.98
789,2957,2023-10-24,17.84
790,2960,2023-10-10,138.34
791,2966,2023-09-30,17.84
792,2973,2023-10-03,119.76
793,2973,2023-10-26,57.58
794,2976,2023-10-27,53.99
795,2979,2023-10-22,180.78
796,2984,2023-10-22,78.9
797,2995,2023-10-20,93.36
798,2996,2023-10-21,139.89
799,3003,2023-10-16,20.58
800,3007,2023-10-17,231.34
801,3010,2023-10-22,17.98
802,3011,2023-10-11,291.18
803,3012,2023-10-31,182.53
804,3013,2023-10-14,83.99
805,3016,2023-10-16,62.26
806,3019,2023-10-16,43.53
807,3023,2023-11-01,55.84
808,3025,2023-11-07,230.95
809,3032,2023-10-16,56.86
810,3034,2023-10-15,58.76
811,3039,2023-10-11,365.06
812,3041,2023-11-09,65.69
813,3045,2023-10-21,73.2
814,3046,2023-10-13,145.59
815,3049,2023-11-02,84.94
816,3049,2023-11-05,63.2
817,3053,2023-11-06,79.24
818,3058,2023-10-16,144.03
819,3059,2023-11-06,58.74
820,3060,2023-10-18,201.4
821,3068,2023-11-02,459.45
822,3068,2023-11-05,33.29
823,3071,2023-10-19,21.53
824,3072,2023-11-08,124.66
825,3075,2023-10-30,140.32
826,3079,2023-11-05,47.03
827,3081,2023-11-08,64.43
828,3082,2023-11-07,84.88
829,3083,2023-11-13,165.14
830,3086,2023-10-24,168.48
831,3089,2023-10-25,53.99
832,3096,2023-11-13,180.78
833,3098,2023-11-14,72.88
834,3099,2023-11-20,458.84
835,3108,2023-11-18,11.92
836,3112,2023-11-02,59.57
837,3116,2023-11-24,129.48
838,3118,2023-11-21,88.75
839,3119,2023-11-15,79.22
840,3120,2023-11-25,253.68
841,3122,2023-11-21,48.95
842,3146,2023-12-01,62.31
843,3150,2023-11-04,61.42
844,3150,2023-11-17,37.59
845,3151,2023-11-05,46.77
846,3152,2023-11-26,82.57
847,3155,2023-11-18,122.86
848,3165,2023-11-23,361.56
849,3167,2023-11-12,141.18
850,3173,2023-11-26,389.76
851,3173,2023-12-04,119.98
852,3174,2023-11-19,167.4
853,3177,2023-11-28,62.26
854,3182,2023-11-21,45.08
855,3185,2023-12-02,258.96
856,3186,2023-11-14,737.0
857,3194,2023-11-20,238.92
858,3199,2023-11-11,245.2
859,3201,2023-11-18,140.21
860,3209,2023-11-26,138.33
861,3223,2023-12-11,316.96
862,3226,2023-11-16,45.1
863,3227,2023-11-28,167.4
864,3228,2023-11-25,14.75
865,3232,2023-11-15,119.98
866,3246,2023-11-16,23.63
867,3249,2023-11-24,76.42
868,3253,2023-12-11,251.92
869,3257,2023-11-27,129.92
870,3259,2023-12-03,365.06
871,3262,2023-12-12,131.38
872,3266,2023-12-18,138.33
873,3266,2023-11-21,419.67
874,3267,2023-11-27,59.35
875,3275,2023-11-25,202.4
876,3275,2023-11-24,42.47
877,3276,2023-12-05,128.86
878,3278,2023-12-05,93.54
879,3291,2023-12-01,77.15
880,3295,2023-12-19,62.73
881,3297,2023-12-13,305.64
882,3299,2023-11-26,81.9
883,3306,2023-12-12,33.88
884,3314,2023-12-25,88.61
885,3319,2023-12-05,247.71
886,3325,2023-12-10,250.92
887,3327,2023-12-07,24.25
888,3327,2023-12-10,77.82
889,3328,2023-12-18,25.96
890,3328,2023-12-15,402.8
891,3344,2023-12-26,57.71
892,3345,2023-12-14,150.16
893,3345,2023-12-16,70.16
894,3347,2023-11-30,184.25
895,3350,2023-12-08,38.62
896,3352,2023-12-27,12.04
897,3352,2023-12-08,38.59
898,3354,2023-12-22,14.98
899,3364,2023-12-14,33.29
900,3364,2023-12-12,141.52
901,3370,2023-12-19,48.51
902,3370,2023-12-12,35.96
903,3372,2023-12-08,169.16
904,3373,2023-12-29,77.18
905,3373,2023-12-20,65.92
906,3378,2023-12-24,38.59
907,3388,2023-12-21,25.96
908,3389,2023-12-27,183.04
909,3390,2023-12-18,534.36
910,3391,2023-12-10,97.0
911,3393,2024-01-02,39.61
912,3394,2023-12-17,75.18
913,3400,2023-12-25,60.94
914,3401,2023-12-24,74.54
915,3402,2023-12-19,107.4
916,3412,2023-12-24,145.59
917,3420,2023-12-16,178.83
918,3428,2023-12-15,117.48
919,3436,2023-12-22,80.11
920,3438,2023-12-28,449.34
921,3442,2023-12-22,38.62
922,3445,2024-01-01,542.34
923,3448,2024-01-08,357.3
924,3451,2024-01-04,177.22
925,3453,2023-12-22,143.66
926,3455,2024-01-11,119.98
927,3466,2024-01-10,42.47
928,3470,2023-12-16,178.65
929,3484,2024-01-08,31.73
930,3484,2023-12-22,180.78
931,3494,2024-01-11,141.18
932,3494,2023-12-26,16.37
933,3501,2023-12-25,223.62
934,3506,2023-12-19,120.42
935,3506,2024-01-04,218.61
936,3506,2023-12-26,404.8
937,3508,2023-12-24,43.12
938,3519,2024-01-13,230.95
939,3534,2023-12-29,174.75
940,3534,2023-12-23,106.17
941,3535,2024-01-19,58.74
942,3540,2024-01-06,131.84
943,3541,2024-01-06,76.42
944,3542,2024-01-12,212.34
945,3549,2024-01-10,161.1
946,3556,2024-01-07,180.78
947,3558,2023-12-28,174.75
948,3561,2024-01-19,77.82
949,3563,2024-01-10,62.26
950,3569,2023-12-31,76.41
951,3571,2024-01-23,63.51
952,3571,2024-01-08,28.35
953,3571,2024-01-08,184.92
954,3573,2023-12-25,79.24
955,3575,2024-01-15,247.71
956,3588,2024-01-05,21.42
957,3593,2023-12-31,80.11
958,3604,2024-01-17,335.96
959,3605,2024-01-26,36.75
960,3606,2024-01-27,88.61
961,3609,2024-01-02,48.14
962,3609,2024-01-26,53.99
963,3614,2024-01-21,507.36
964,3614,2024-01-19,24.51
965,3614,2024-01-10,49.02
966,3619,2024-01-27,52.9
967,3624,2024-01-15,43.12
968,3629,2024-01-19,101.75
969,3630,2024-01-03,165.14
970,3635,2024-01-01,69.18
971,3642,2024-01-21,153.15
972,3643,2024-01-24,83.99
973,3645,2024-01-29,55.96
974,3645,2024-01-31,145.59
975,3645,2024-01-16,196.78
976,3645,2024-01-12,185.89
977,3648,2024-01-31,377.88
978,3649,2024-02-01,459.45
979,3650,2024-01-12,174.75
980,3657,2024-01-26,60.94
981,3663,2024-01-28,55.46
982,3666,2024-02-04,43.32
983,3666,2024-01-26,48.51
984,3666,2024-01-14,79.24
985,3668,2024-01-27,70.16
986,3668,2024-01-11,63.51
987,3668,2024-01-23,62.33
988,3676,2024-02-01,48.02
989,3677,2024-01-15,733.6
990,3679,2024-01-18,125.72
991,3680,2024-01-29,33.47
992,3683,2024-02-03,182.53
993,3683,2024-02-05,21.66
994,3687,2024-02-05,150.34
995,3687,2024-01-16,133.59
996,3688,2024-01-24,48.51
997,3689,2024-02-01,77.15
998,3690,2024-01-24,146.65
999,3692,2024-02-08,98.64
1000,3695,2024-02-05,14.98
1001,3699,2024-02-08,21.66
1002,3702,2024-01-21,122.09
1003,3703,2024-02-01,94.05
1004,3705,2024-01-21,169.72
1005,3707,2024-02-04,126.84
1006,3708,2024-01-30,243.76
1007,3713,2024-02-15,48.51
1008,3716,2024-01-27,443.52
1009,3717,2024-02-08,120.42
1010,3724,2024-02-18,138.34
1011,3727,2024-01-28,133.59
1012,3728,2024-01-29,94.36
1013,3734,2024-02-17,30.71
1014,3734,2024-02-01,98.64
1015,3736,2024-02-10,79.22
1016,3737,2024-01-30,126.4
1017,3739,2024-02-19,229.42
1018,3746,2024-02-10,231.45
1019,3750,2024-02-07,145.57
1020,3752,2024-02-02,99.7
1021,3754,2024-02-13,152.84
1022,3755,2024-02-15,178.65
1023,3756,2024-01-31,146.4
1024,3758,2024-02-12,60.94
1025,3759,2024-02-07,182.53
1026,3763,2024-02-18,37.59
1027,3766,2024-02-13,84.58
1028,3767,2024-02-26,69.18
1029,3768,2024-02-26,490.4
1030,3780,2024-02-09,186.99
1031,3783,2024-02-29,93.36
1032,3784,2024-02-27,24.01
1033,3785,2024-02-10,172.48
1034,3787,2024-02-21,318.51
1035,3788,2024-03-06,280.08
1036,3790,2024-02-24,69.72
1037,3795,2024-03-03,178.65
1038,3795,2024-03-01,93.36
1039,3798,2024-02-10,27.98
1040,3798,2024-02-22,73.5
1041,3800,2024-02-13,249.04
1042,3801,2024-03-03,33.47
1043,3812,2024-02-18,166.38
1044,3812,2024-03-04,535.95
1045,3813,2024-03-08,245.2
1046,3819,2024-03-08,76.41
1047,3819,2024-03-06,125.96
1048,3823,2024-03-08,120.42
1049,3824,2024-03-04,309.06
1050,3827,2024-02-19,258.96
1051,3829,2024-02-25,196.02
1052,3829,2024-03-12,162.74
1053,3831,2024-03-06,81.42
1054,3831,2024-02-26,34.86
1055,3831,2024-02-24,400.77
1056,3832,2024-03-09,160.22
1057,3832,2024-02-24,39.61
1058,3844,2024-03-07,23.84
1059,3856,2024-03-07,14.75
1060,3858,2024-03-01,62.26
1061,3862,2024-03-22,48.95
1062,3864,2024-03-15,82.57
1063,3865,2024-03-12,150.34
1064,3868,2024-03-04,128.34
1065,3870,2024-03-30,176.99
1066,3875,2024-04-01,244.75
1067,3876,2024-03-09,60.94
1068,3881,2024-03-17,167.4
1069,3881,2024-03-06,140.12
1070,3883,2024-03-14,125.96
1071,3883,2024-03-13,125.72
1072,3888,2024-03-11,140.28
1073,3888,2024-03-18,84.86
1074,3892,2024-04-01,63.2
1075,3892,2024-03-30,107.98
1076,3902,2024-03-27,377.44
1077,3910,2024-04-03,140.21
1078,3911,2024-03-12,158.5
1079,3921,2024-03-14,31.73
1080,3923,2024-04-06,75.08
1081,3930,2024-04-07,334.8
1082,3931,2024-04-09,276.68
1083,3933,2024-04-06,92.71
1084,3937,2024-04-12,36.02
1085,3939,2024-04-11,180.78
1086,3939,2024-03-19,48.51
1087,3945,2024-03-31,553.36
1088,3949,2024-03-30,106.17
1089,3953,2024-04-12,79.52
1090,3956,2024-03-26,78.9
1091,3959,2024-04-06,77.82
1092,3959,2024-04-17,377.48
1093,3959,2024-04-18,45.29
1094,3959,2024-03-28,184.25
1095,3961,2024-04-08,113.72
1096,3969,2024-03-31,330.8
1097,3973,2024-04-22,38.59
1098,3982,2024-04-22,148.42
1099,3983,2024-04-09,43.12
1100,3985,2024-04-12,159.78
1101,3988,2024-04-24,155.64
1102,3989,2024-04-04,145.59
1103,3995,2024-04-04,114.81
1104,3997,2024-04-19,128.34
1105,4000,2024-04-08,22.73
1106,4001,2024-04-17,185.42
1107,4001,2024-04-04,75.08
1108,4002,2024-04-10,103.84
1109,4008,2024-04-28,285.48
1110,4010,2024-04-28,1226.0
1111,4012,2024-04-25,33.88
1112,4015,2024-04-24,751.7
1113,4016,2024-04-17,106.08
1114,4017,2024-04-05,165.4
1115,4017,2024-04-29,48.95
1116,4020,2024-04-18,143.66
1117,4027,2024-04-24,81.9
1118,4028,2024-04-13,69.18
1119,4028,2024-04-20,182.53
1120,4029,2024-04-30,182.53
1121,4037,2024-04-23,34.39
1122,4038,2024-04-25,42.44
1123,4040,2024-04-25,53.99
1124,4044,2024-04-17,25.06
1125,4048,2024-04-27,43.32
1126,4049,2024-04-15,62.73
1127,4055,2024-05-04,75.08
1128,4059,2024-04-30,186.72
1129,4064,2024-04-16,91.4
1130,4070,2024-05-13,64.56
1131,4076,2024-05-10,22.73
1132,4077,2024-05-03,302.3
1133,4081,2024-05-10,161.97
1134,4085,2024-05-13,79.26
1135,4085,2024-05-06,355.0
1136,4090,2024-05-17,79.26
1137,4099,2024-05-03,150.34
1138,4112,2024-05-17,35.68
1139,4114,2024-05-03,185.76
1140,4116,2024-04-24,74.5
1141,4116,2024-05-21,167.4
1142,4124,2024-05-15,566.08
1143,4126,2024-05-14,76.42
1144,4129,2024-04-30,76.41
1145,4141,2024-05-21,145.57
1146,4141,2024-05-12,88.61
1147,4146,2024-05-20,39.61
1148,4151,2024-05-11,58.95
1149,4157,2024-05-28,287.6
1150,4159,2024-05-20,334.98
1151,4161,2024-05-27,980.8
1152,4163,2024-05-24,317.31
1153,4169,2024-05-05,53.26
1154,4171,2024-05-09,36.2
1155,4174,2024-05-26,12.04
1156,4174,2024-05-13,299.4
1157,4179,2024-05-08,42.47
1158,4186,2024-05-09,185.89
1159,4193,2024-05-20,21.52
1160,4206,2024-06-04,90.58
1161,4212,2024-06-04,73.2
1162,4222,2024-06-05,48.51
1163,4226,2024-05-29,38.62
1164,4227,2024-05-21,45.08
1165,4229,2024-06-12,231.45
1166,4233,2024-05-31,125.96
1167,4235,2024-05-22,62.33
1168,4253,2024-06-02,63.51
1169,4265,2024-06-09,178.65
1170,4270,2024-06-05,184.25
1171,4275,2024-05-27,83.99
1172,4276,2024-06-10,197.07
1173,4279,2024-06-10,150.34
1174,4287,2024-06-15,36.02
1175,4289,2024-06-18,669.6
1176,4294,2024-06-09,127.02
1177,4296,2024-05-29,24.01
1178,4297,2024-06-17,113.72
1179,4300,2024-06-22,91.4
1180,4314,2024-06-04,17.98
1181,4317,2024-06-16,132.72
1182,4318,2024-06-13,150.36
1183,4327,2024-06-10,120.42
1184,4327,2024-06-25,138.34
1185,4337,2024-06-17,39.61
1186,4338,2024-06-09,74.5
1187,4339,2024-06-25,62.33
1188,4347,2024-06-12,68.56
1189,4348,2024-06-17,58.15
1190,4356,2024-06-26,92.46
1191,4359,2024-07-08,77.82
1192,4363,2024-06-15,267.18
1193,4369,2024-06-22,14.99
1194,4378,2024-07-12,125.96
1195,4388,2024-06-27,158.44
1196,4394,2024-07-10,183.4
1197,4396,2024-06-18,148.42
1198,4401,2024-06-28,19.95
1199,4406,2024-06-24,201.4
1200,4406,2024-07-09,83.99
1201,4408,2024-07-04,242.55
1202,4409,2024-07-02,184.94
1203,4414,2024-07-02,91.4
1204,4431,2024-07-16,88.75
1205,4432,2024-06-25,92.47
1206,4442,2024-07-11,53.99
1207,4443,2024-07-25,29.5
1208,4456,2024-07-10,169.72
1209,4458,2024-07-18,707.96
1210,4467,2024-07-07,58.74
1211,4470,2024-07-23,93.36
1212,4470,2024-07-29,16.37
1213,4474,2024-07-02,53.7
1214,4484,2024-07-11,503.84
1215,4485,2024-07-28,144.42
1216,4486,2024-07-07,91.4
1217,4500,2024-08-01,32.74
1218,4521,2024-07-27,68.56
1219,4524,2024-08-02,42.44
1220,4524,2024-07-22,19.65
1221,4525,2024-07-22,124.66
1222,4528,2024-08-02,291.18
1223,4530,2024-08-04,22.73
1224,4540,2024-08-09,174.75
1225,4548,2024-07-18,31.35
1226,4551,2024-07-25,427.77
1227,4555,2024-07-25,334.98
1228,4562,2024-07-22,126.84
1229,4567,2024-07-23,167.4
1230,4571,2024-08-03,145.57
1231,4574,2024-08-19,68.56
1232,4584,2024-08-17,29.72
1233,4585,2024-08-10,582.28
1234,4586,2024-07-25,179.79
1235,4589,2024-08-21,184.25
1236,4594,2024-08-11,176.99
1237,4594,2024-08-12,62.86
1238,4594,2024-08-08,10.0
1239,4597,2024-08-10,147.84
1240,4598,2024-07-28,58.43
1241,4603,2024-08-23,361.56
1242,4609,2024-08-02,402.8
1243,4609,2024-08-22,180.78
1244,4611,2024-08-08,59.93
1245,4613,2024-08-20,17.49
1246,4618,2024-08-11,120.42
1247,4629,2024-08-12,224.67
1248,4633,2024-08-22,141.18
1249,4637,2024-08-18,83.99
1250,4645,2024-08-28,115.16
1251,4647,2024-08-22,148.42
1252,4650,2024-08-07,148.42
1253,4651,2024-08-27,69.72
1254,4656,2024-08-30,66.36
1255,4656,2024-09-01,38.59
1256,4659,2024-08-06,431.4
1257,4660,2024-08-05,368.5
1258,4661,2024-08-06,61.24
1259,4668,2024-08-14,325.48
1260,4669,2024-08-30,68.56
1261,4670,2024-08-29,62.86
1262,4672,2024-09-04,33.88
1263,4674,2024-08-20,120.42
1264,4689,2024-08-18,106.17
1265,4697,2024-08-13,57.71
1266,4705,2024-08-24,119.14
1267,4708,2024-09-08,180.78
1268,4709,2024-08-26,42.44
1269,4715,2024-08-17,38.59
1270,4720,2024-08-29,82.57
1271,4724,2024-08-14,160.23
1272,4734,2024-09-03,82.57
1273,4734,2024-09-12,93.36
1274,4744,2024-09-15,809.6
1275,4755,2024-08-24,107.98
1276,4755,2024-08-20,72.03
1277,4759,2024-09-08,115.16
1278,4772,2024-08-22,1226.0
1279,4776,2024-08-29,72.75
1280,4777,2024-09-15,17.98
1281,4780,2024-09-19,82.57
1282,4782,2024-09-19,22.48
1283,4784,2024-09-14,182.53
1284,4787,2024-08-25,60.94
1285,4791,2024-08-26,53.52
1286,4800,2024-08-28,182.53
1287,4805,2024-08-31,182.8
1288,4812,2024-09-17,116.0
1289,4820,2024-09-23,258.96
1290,4820,2024-09-03,29.98
1291,4838,2024-09-18,53.99
1292,4841,2024-09-21,45.29
1293,4849,2024-09-27,107.4
1294,4850,2024-09-07,180.78
1295,4854,2024-09-19,126.84
1296,4854,2024-09-02,389.76
1297,4860,2024-09-25,51.92
1298,4860,2024-09-27,196.02
1299,4861,2024-09-19,91.4
1300,4868,2024-09-04,38.59
1301,4883,2024-09-15,57.58
1302,4888,2024-09-13,66.36
1303,4900,2024-09-27,265.83
1304,4900,2024-09-25,76.41
1305,4905,2024-09-16,62.33
1306,4908,2024-09-14,142.59
1307,4917,2024-09-11,251.42
1308,4917,2024-09-28,184.25
1309,4918,2024-09-18,174.75
1310,4919,2024-10-08,14.99
1311,4934,2024-09-19,79.22
1312,4935,2024-10-03,119.98
1313,4935,2024-09-20,160.23
1314,4938,2024-09-21,150.34
1315,4938,2024-09-18,801.15
1316,4963,2024-10-09,147.84
1317,4966,2024-09-27,80.11
1318,4971,2024-10-09,115.77
1319,4972,2024-10-15,58.74
1320,4973,2024-10-14,112.77
1321,4973,2024-10-12,169.72
1322,4974,2024-10-07,251.42
1323,4981,2024-09-27,184.92
1324,4983,2024-09-28,79.25
1325,4987,2024-10-03,62.26
1326,4989,2024-09-22,125.46
1327,4995,2024-10-21,179.64
1328,5001,2024-09-28,21.66
1329,5003,2024-10-22,24.51
1330,5010,2024-10-10,32.74
1331,5012,2024-10-14,167.49
1332,5013,2024-09-28,21.66
1333,5014,2024-10-06,245.2
1334,5018,2024-10-17,104.58
1335,5025,2024-10-09,119.98
1336,5032,2024-10-27,48.51
1337,5033,2024-10-05,75.18
1338,5034,2024-10-24,183.4
1339,5037,2024-10-21,21.52
1340,5038,2024-09-30,240.84
1341,5040,2024-10-25,21.52
1342,5041,2024-10-26,9.76
1343,5046,2024-10-02,359.94
1344,5047,2024-10-06,178.65
1345,5048,2024-10-18,29.72
1346,5050,2024-10-20,95.19
1347,5050,2024-10-01,980.8
1348,5051,2024-10-28,138.33
1349,5060,2024-10-12,72.88
1350,5065,2024-10-14,259.84
1351,5067,2024-10-08,36.94
1352,5070,2024-10-10,237.78
1353,5077,2024-10-30,106.17
1354,5079,2024-10-14,183.4
1355,5084,2024-10-19,107.98
1356,5085,2024-10-19,93.36
1357,5085,2024-10-27,17.84
1358,5091,2024-11-04,224.67
1359,5093,2024-10-29,458.84
1360,5093,2024-10-14,64.38
1361,5094,2024-11-07,158.52
1362,5102,2024-10-23,11.66
1363,5110,2024-11-09,205.68
1364,5111,2024-10-18,239.96
1365,5113,2024-10-23,230.95
1366,5114,2024-11-10,402.8
1367,5119,2024-11-07,204.25
1368,5121,2024-11-11,318.51
1369,5127,2024-10-23,75.18
1370,5131,2024-10-17,266.18
1371,5136,2024-11-09,174.75
1372,5137,2024-10-17,62.78
1373,5139,2024-10-22,160.23
1374,5141,2024-11-10,75.36
1375,5145,2024-11-15,125.96
1376,5149,2024-10-20,224.67
1377,5164,2024-10-22,477.84
1378,5172,2024-11-07,10.0
1379,5199,2024-11-05,43.04
1380,5201,2024-11-27,365.06
1381,5202,2024-11-24,420.63
1382,5209,2024-11-14,174.75
1383,5216,2024-11-14,157.8
1384,5217,2024-11-05,4.74
1385,5217,2024-11-28,377.48
1386,5218,2024-12-01,77.82
1387,5222,2024-11-30,37.59
1388,5222,2024-11-10,787.12
1389,5223,2024-11-05,146.65
1390,5225,2024-11-20,150.34
1391,5226,2024-11-12,143.8
1392,5227,2024-11-18,412.85
1393,5231,2024-11-06,48.02
1394,5238,2024-11-30,82.57
1395,5238,2024-11-07,140.21
1396,5261,2024-12-03,149.08
1397,5269,2024-11-24,155.9
1398,5278,2024-11-11,74.5
1399,5281,2024-11-21,127.41
1400,5283,2024-11-14,160.23
1401,5284,2024-11-13,92.71
1402,5287,2024-11-28,14.75
1403,5289,2024-11-21,230.32
1404,5289,2024-11-27,230.32
1405,5297,2024-11-28,535.95
1406,5304,2024-11-25,174.75
1407,5310,2024-11-18,179.64
1408,5318,2024-11-20,74.5
1409,5318,2024-12-14,462.68
1410,5325,2024-12-10,182.82
1411,5326,2024-12-05,76.54
1412,5329,2024-12-02,106.17
1413,5346,2024-12-08,400.77
1414,5346,2024-11-23,92.88
1415,5348,2024-11-29,32.19
1416,5350,2024-12-01,282.36
1417,5352,2024-12-15,153.15
1418,5365,2024-12-21,368.5
1419,5369,2024-11-26,141.09
1420,5377,2024-12-03,212.34
1421,5390,2024-12-05,51.09
1422,5391,2024-12-10,124.52
1423,5393,2024-12-20,7.17
1424,5401,2024-12-19,120.42
1425,5405,2024-12-26,38.59
1426,5405,2024-12-16,314.76
1427,5407,2024-11-29,83.99
1428,5407,2024-12-24,12.62
1429,5411,2024-12-11,669.6
1430,5411,2024-11-28,157.38
1431,5413,2024-12-06,36.2
1432,5417,2024-12-10,203.5
1433,5426,2024-12-16,36.2
1434,5429,2024-12-25,169.72
1435,5432,2024-12-09,84.94
1436,5436,2024-12-21,180.78
1437,5437,2024-12-06,159.78
1438,5439,2024-12-12,88.61
1439,5440,2024-12-25,14.51
1440,5450,2024-12-04,23.84
1441,5450,2024-12-16,80.11
1442,5459,2024-12-13,17.49
1443,5461,2024-12-05,238.92
1444,5462,2024-12-22,58.43
1445,5468,2024-12-13,402.8
1446,5468,2024-12-20,48.51
1447,5470,2024-12-23,105.09
1448,5472,2024-12-30,503.84
1449,5475,2024-12-29,62.86
1450,5476,2024-12-24,81.9
1451,5476,2024-12-26,42.12
1452,5479,2024-12-27,65.34
1453,5486,2024-12-31,53.7
1454,5495,2024-12-20,285.18
1455,5498,2024-12-26,245.2
1456,5499,2024-12-31,97.02
1457,5502,2024-12-31,45.29
1458,5505,2024-12-23,88.75
1459,5510,2024-12-14,239.96
1460,5518,2024-12-28,38.27
1461,5526,2024-12-27,224.67
1462,5540,2024-12-21,129.92
1463,5541,2024-12-21,182.53
1464,5543,2024-12-31,24.01
1465,5547,2024-12-26,182.53
1466,5548,2024-12-20,39.61
1467,5550,2024-12-31,36.94
1468,5550,2024-12-15,34.39
1469,5552,2024-12-16,137.12
1470,5554,2024-12-15,145.57
1471,5555,2024-12-25,106.5
1472,5556,2024-12-31,147.84
1473,5562,2024-12-16,402.8
1474,5572,2024-12-31,291.18
1475,5574,2024-12-31,39.04
1476,5579,2024-12-31,74.54
1477,5586,2024-12-21,535.95
1478,5590,2024-12-31,48.51
1479,5597,2024-12-31,230.95
1480,5599,2024-12-28,334.98
1481,5610,2024-12-30,69.21
1482,5614,2024-12-23,245.2
1483,5615,2024-12-29,86.24
1484,5616,2024-12-26,77.88
1485,5626,2024-12-31,41.05
1486,5627,2024-12-22,306.3
1487,5630,2024-12-31,71.83
1488,5630,2024-12-24,59.35
1489,5633,2024-12-31,48.14
1490,5633,2024-12-31,229.23
1491,5636,2024-12-31,88.61
1492,5639,2024-12-31,139.44
1493,5660,2024-12-29,53.99
1494,5669,2024-12-27,69.72
1495,5671,2024-12-31,459.45
1496,5674,2024-12-31,174.75
1497,5681,2024-12-31,22.73
1498,5693,2024-12-30,143.8
1499,5693,2024-12-31,230.95
1500,5693,2024-12-31,72.55
1501,5698,2024-12-31,239.96
1502,5703,2024-12-31,48.51
1503,5704,2024-12-31,320.46
1504,5705,2024-12-31,167.98
1505,5709,2024-12-31,251.92
1506,5710,2024-12-31,62.26
1507,5710,2024-12-31,300.68
1508,5715,2024-12-31,94.36
1509,5719,2024-12-31,238.44
1510,5724,2024-12-31,180.78
1511,5727,2024-12-31,45.29
1512,5735,2024-12-31,77.15
